model,error_type,true_label,pred_label,probability,test_row_idx
logistic_regression,FP,0,1,0.7726,3243
logistic_regression,FP,0,1,0.6452,3244
logistic_regression,FP,0,1,0.7779,3278
logistic_regression,FP,0,1,0.6979,3453
logistic_regression,FP,0,1,0.7245,3454
logistic_regression,FN,1,0,0.1971,1728
logistic_regression,FN,1,0,0.3458,1729
logistic_regression,FN,1,0,0.439,1730
logistic_regression,FN,1,0,0.5404,1731
logistic_regression,FN,1,0,0.1428,1732
random_forest,FP,0,1,0.7293,2400
random_forest,FP,0,1,0.7185,2401
random_forest,FP,0,1,0.7023,2402
random_forest,FP,0,1,0.7119,2403
random_forest,FP,0,1,0.7123,2404
random_forest,FN,1,0,0.116,1730
random_forest,FN,1,0,0.1318,1731
random_forest,FN,1,0,0.0256,1732
random_forest,FN,1,0,0.0225,1733
random_forest,FN,1,0,0.0225,1734
xgboost,FP,0,1,0.9961,2400
xgboost,FP,0,1,0.9793,2401
xgboost,FP,0,1,0.9791,2402
xgboost,FP,0,1,0.9782,2403
xgboost,FP,0,1,0.981,2404
xgboost,FN,1,0,0.0146,1730
xgboost,FN,1,0,0.0125,1731
xgboost,FN,1,0,0.0029,1732
xgboost,FN,1,0,0.0028,1733
xgboost,FN,1,0,0.0026,1734
