experiment_id,model_name,ssl_used,mask_ratio,pretraining_epochs,learning_rate,embedding_dimension,num_layers,num_heads,fine_tuning_epochs,precision,recall,f1,roc_auc,pr_auc,false_positive_rate,false_negative_rate,pretrain_time_s,finetune_time_s,inference_ms,model_size_kb,n_params,device,shift_type,shift_method,shift_severity,shift_k,shift_score,shift_threshold,shift_detected,n_features_shifted,inference_time,adaptation_used,adaptation_strategy,adaptation_epochs,adaptation_learning_rate,replay_used,replay_ratio,before_precision,before_recall,before_f1,before_roc_auc,before_pr_auc,after_precision,after_recall,after_f1,after_roc_auc,after_pr_auc,original_test_f1,shifted_test_f1,adaptation_time,model_size,checkpoint_name,configuration,shift_detection_used,normal_precision,normal_recall,normal_f1,normal_roc_auc,normal_pr_auc,shifted_precision,shifted_recall,shifted_f1,shifted_roc_auc,shifted_pr_auc,adapted_precision,adapted_recall,adapted_f1,adapted_roc_auc,adapted_pr_auc,training_time
phase6_ssl_1790941111,SSL_Transformer,True,0.15,10.0,0.001,32.0,2.0,2.0,5.0,0.8944,0.973,0.932,0.9919,0.9851,0.0292,0.027,169.88,84.11,0.425679,95.23,19313.0,cpu,,,,,,,,,,,,,,,,,,,,,,,,,,,,,,,,,,,,,,,,,,,,,,,,
phase7_ssl_none_1790947300,SSL_Transformer,True,,,,,,,,0.8944,0.973,0.932,0.9919,0.9851,0.0292,0.027,,,,95.23,,,none,KolmogorovSmirnov,none,0.0,0.074639,0.009148,True,13.0,9.3169,,,,,,,,,,,,,,,,,,,,,,,,,,,,,,,,,,,,,,,
phase7_ssl_mild_1790947300,SSL_Transformer,True,,,,,,,,0.6553,0.9764,0.7843,0.9892,0.9805,0.1305,0.0236,,,,95.23,,,synthetic_additive,KolmogorovSmirnov,mild,0.3,0.224584,0.009148,True,13.0,9.3169,,,,,,,,,,,,,,,,,,,,,,,,,,,,,,,,,,,,,,,
phase7_ssl_moderate_1790947300,SSL_Transformer,True,,,,,,,,0.3395,0.9865,0.5052,0.9836,0.9676,0.4876,0.0135,,,,95.23,,,synthetic_additive,KolmogorovSmirnov,moderate,0.6,0.327855,0.009148,True,13.0,9.3169,,,,,,,,,,,,,,,,,,,,,,,,,,,,,,,,,,,,,,,
phase7_ssl_strong_1790947300,SSL_Transformer,True,,,,,,,,0.2161,1.0,0.3553,0.9575,0.8961,0.9219,0.0,,,,95.23,,,synthetic_additive,KolmogorovSmirnov,strong,1.0,0.421815,0.009148,True,13.0,9.3169,,,,,,,,,,,,,,,,,,,,,,,,,,,,,,,,,,,,,,,
phase8_adapt_1790948392,SSL_Transformer,True,,,,,,,,,,,,,,,,,,,,,,,,,0.421815,,True,,3.9974,True,periodic_fine_tuning_with_replay,5.0,0.0001,True,0.2,0.2036,1.0,0.3383,0.9592,0.8795,0.2036,1.0,0.3383,0.9592,0.8795,0.957,0.3383,96.95,95.23,ssl_finetuned.pt,,,,,,,,,,,,,,,,,,
phase8_adapt_1790949115,SSL_Transformer,True,,,,,,,,,,,,,,,,,,,,,,,,,0.421815,,True,,2.0611,True,periodic_fine_tuning_with_replay,5.0,0.0001,True,0.2,0.2036,1.0,0.3383,0.9592,0.8795,0.7678,0.9833,0.8623,0.993,0.9876,0.9764,0.8623,68.48,95.7,ssl_transformer_adapted.pt,,,,,,,,,,,,,,,,,,
phase9_ablation_A_1790950030,TemporalTransformer,False,,,,,,,,,,,,,,,,,,,,,,,,,,,,,2.1815,False,,,,,,,,,,,,,,,,,,0.0,87.77,,A (Baseline Transformer),False,0.8941,0.9899,0.9396,0.9956,0.9778,0.1772,0.9227,0.2974,0.3192,0.2153,,,,,,75.4
phase9_ablation_B_1790950030,SSLTransformer,True,,,,,,,,,,,,,,,,,,,,,,,,,,,,,2.2411,False,,,,,,,,,,,,,,,,,,0.0,95.23,,B (Transformer + SSL),False,0.9289,0.9869,0.957,0.9961,0.9914,0.2036,1.0,0.3383,0.9592,0.8795,,,,,,253.99
phase9_ablation_C_1790950030,TemporalTransformer,False,,,,,,,,,,,,,,,,,,,,,,,,,,,,,2.0901,True,,,,,,,,,,,,,,,,,,70.61,88.19,,C (Transformer + Adaptation),True,0.8947,0.981,0.9359,0.9907,0.9758,0.1772,0.9227,0.2974,0.3192,0.2153,0.784,0.7192,0.7502,0.8962,0.8119,75.4
phase9_ablation_D_1790950030,SSLTransformer,True,,,,,,,,,,,,,,,,,,,,,,,,,,,,,1.9841,True,,,,,,,,,,,,,,,,,,68.48,95.7,,D (SSL Transformer + Adaptation),True,0.9695,0.9833,0.9764,0.9962,0.99,0.2036,1.0,0.3383,0.9592,0.8795,0.7678,0.9833,0.8623,0.993,0.9876,253.99
phase9_ablation_E_1790950030,SSLTransformer,True,,,,,,,,,,,,,,,,,,,,,,,,,,,,,1.9841,True,,,,,,,,,,,,,,,,,,68.48,95.7,,E (Full Proposed System),True,0.9289,0.9869,0.957,0.9961,0.9914,0.2036,1.0,0.3383,0.9592,0.8795,0.7678,0.9833,0.8623,0.993,0.9876,253.99
phase10_final_1790952560,Adaptive_SSL_Transformer_Final,True,,,,,,,,,,,,,,,,,,,19313.0,cpu,,,,,,,,,0.1451,True,,,,,,,,,,,,,,,,,,33.12,95.15,final_model.pt,Final_Optimized_Full_System,True,0.9244,0.9893,0.9557,0.9979,0.9943,0.1893,1.0,0.3183,0.9824,0.9579,0.9633,0.9827,0.9729,0.9956,0.9891,25.16
