feature,mean,std,median,min,max,p5,p25,p75,p95,missing_pct
n1,6.540976205116067e-09,1.0,0.30714553594589233,-6.72561502456665,3.751763105392456,-1.8935822248458862,-0.6496926546096802,0.7377227544784546,1.1204580068588257,0.0
n54,3.0524556215993925e-09,0.9999999403953552,0.33831122517585754,-7.3788743019104,3.396951675415039,-1.8733211755752563,-0.6498649716377258,0.7618153095245361,1.1382633447647095,0.0
n105,-5.995894891697162e-09,1.0,0.3358399271965027,-7.2701921463012695,3.5795888900756836,-1.9012283086776733,-0.6708407402038574,0.78325355052948,1.1188137531280518,0.0
n163,6.322943502112821e-09,1.0,0.31252920627593994,-6.933490753173828,3.1975185871124268,-1.9686251878738403,-0.6267696619033813,0.7150858640670776,1.1847352981567383,0.0
n215,3.488520761152358e-08,1.0,-0.8540107607841492,-4.868862628936768,3.1608409881591797,-0.8540107607841492,-0.8540107607841492,1.1534150838851929,1.1534150838851929,0.0
n332,-1.0901627156556515e-08,1.0000001192092896,0.2927526831626892,-6.438507080078125,3.5120508670806885,-1.9510005712509155,-0.6827921867370605,0.7805251479148865,1.1707431077957153,0.0
n458,4.142618248437202e-09,1.0,0.31397345662117004,-7.407444953918457,3.526083469390869,-1.9097950458526611,-0.6125967502593994,0.7463728785514832,1.117000937461853,0.0
n549,-5.450813411744804e-11,0.9999999403953552,0.3099568486213684,-7.800049781799316,3.7627320289611816,-1.8580647706985474,-0.6536083221435547,0.7114422917366028,1.112927794456482,0.0
p227,2.398357956678865e-09,1.0,-0.3519747853279114,-4.323586463928223,6.777495861053467,-1.0833420753479004,-0.7281509041786194,0.666965126991272,1.9338393211364746,0.0
p235,-2.398357956678865e-09,0.9999999403953552,-0.3825887441635132,-2.146338701248169,7.294677734375,-1.1079061031341553,-0.7638758420944214,0.6843808889389038,1.9780616760253906,0.0
PUMP_1,1.144670802588621e-09,1.0,-0.532754123210907,-0.7643555998802185,5.42563533782959,-0.7643555998802185,-0.7643555998802185,0.613161563873291,2.0083510875701904,0.0
T1,6.104911243198785e-09,1.0,-0.008631366305053234,-9.158835411071777,8.493132591247559,-1.3775595426559448,-0.6570709943771362,0.7118571400642395,1.3602968454360962,0.0
sin_hour,-8.394252404286817e-09,0.7071067094802856,6.123234262925839e-17,-1.0,1.0,-0.9883615374565125,-0.7071067690849304,0.7071067690849304,0.9883615374565125,0.0
cos_hour,5.45081368930056e-10,0.7071067690849304,-6.123233601181349e-17,-1.0,1.0,-0.9883615374565125,-0.7071067690849304,0.7071067690849304,0.9883615374565125,0.0
sin_dow,0.007229454815387726,0.7054332494735718,0.0,-0.9749279022216797,0.9749279022216797,-0.9749279022216797,-0.7818315029144287,0.7818315029144287,0.9749279022216797,0.0
cos_dow,-0.0016500497004017234,0.7087376117706299,-0.22252093255519867,-0.9009688496589661,1.0,-0.9009688496589661,-0.9009688496589661,0.6234897971153259,1.0,0.0
