feature,mean_abs_prob_delta,mean_signed_delta,ap_drop,rank
n332,0.17276,0.10343,0.47749,1
n105,0.17035,0.09779,0.21235,2
PUMP_1,0.12493,0.09599,0.23502,3
T1,0.06646,0.03306,0.08434,4
p227,0.04713,0.04613,0.02048,5
n1,0.03177,0.0312,0.0,6
n215,0.02309,0.02134,0.0072,7
sin_hour,0.00891,0.00724,0.00353,8
n458,0.00718,0.00588,0.00048,9
n163,0.0052,0.00363,0.0,10
sin_dow,0.00395,-0.00277,0.0,11
n549,0.00392,0.00177,0.00139,12
n54,0.00369,0.00284,0.0,13
cos_dow,0.00264,-0.00256,0.00048,14
p235,0.00198,0.00115,0.0,15
cos_hour,0.0016,-0.00125,0.0,16
