sensor,mean_TN,std_TN,mean_TP,std_TP,mean_FP,std_FP,mean_FN,std_FN,fp_divergence,fn_divergence
n215,1.2064,1.0021,0.5856,1.118,2.0635,0.4152,1.0063,0.9934,0.8571,0.4207
p235,0.7118,0.7996,0.0187,1.1735,0.0787,0.2245,0.0252,0.9801,0.6332,0.0064
n1,1.3211,0.7465,1.2949,0.728,1.9412,0.3733,2.1068,0.1857,0.6201,0.8119
n105,1.3019,0.7549,0.7448,1.1994,1.9118,0.3458,1.8951,0.2135,0.6099,1.1503
n163,1.2901,0.78,0.7314,1.1954,1.8733,0.2781,1.8828,0.2595,0.5832,1.1514
n54,1.3175,0.7404,1.3044,0.7368,1.8833,0.3246,2.0038,0.2809,0.5658,0.6994
n458,1.286,0.7599,1.2864,0.7579,1.8201,0.2696,1.828,0.3428,0.5341,0.5416
p227,0.7234,0.7613,0.7528,0.7902,0.1962,0.2149,0.2057,0.2002,0.5272,0.5471
PUMP_1,0.7339,0.7029,0.6548,0.666,0.252,0.114,0.2357,0.0,0.4819,0.4192
T1,1.0088,0.8034,-1.0424,1.9019,1.4817,0.3539,1.1097,1.4776,0.4729,2.1522
n332,1.2993,0.8176,0.3115,1.518,1.7223,0.3194,2.1812,1.1158,0.423,1.8697
n549,1.3046,0.7609,1.2512,0.7739,1.7103,0.2586,1.8262,0.2245,0.4056,0.5749
