Timestamp,n1,n54,n105,n163,n215,n332,n458,n549,p227,p235,PUMP_1,T1,label
2018-12-05 00:00:00,28.86,37.71,50.64,52.85,39.1,56.63,43.91,55.04,53.63,58.39,0.0,3.22,0
2018-12-05 00:05:00,28.83,37.65,50.62,52.88,39.09,56.67,43.93,55.02,54.99,53.51,0.0,3.2,0
2018-12-05 00:10:00,28.77,37.69,50.63,52.92,39.09,56.67,43.86,55.01,52.75,55.58,0.0,3.28,0
2018-12-05 00:15:00,28.83,37.72,50.65,52.88,39.09,56.67,43.91,55.0,51.79,56.88,0.0,3.31,0
2018-12-05 00:20:00,28.82,37.79,50.66,52.91,39.1,56.66,43.89,55.03,53.47,58.44,0.0,3.31,0
2018-12-05 00:25:00,28.82,37.88,50.66,52.96,39.1,56.65,43.9,55.05,54.92,57.08,0.0,3.27,0
2018-12-05 00:30:00,28.85,37.85,50.65,52.95,39.09,56.61,43.9,55.07,55.45,59.67,0.0,3.31,0
2018-12-05 00:35:00,28.8,37.79,50.67,52.92,39.1,56.65,43.91,55.02,56.35,56.21,0.0,3.33,0
2018-12-05 00:40:00,28.85,37.75,50.69,52.86,39.1,56.65,43.92,55.02,53.42,57.34,0.0,3.27,0
2018-12-05 00:45:00,28.86,37.67,50.71,52.86,39.1,56.66,43.93,55.0,52.72,54.93,0.0,3.27,0
2018-12-05 00:50:00,28.8,37.64,50.72,52.92,39.1,56.63,43.94,54.98,50.26,55.92,0.0,3.25,0
2018-12-05 00:55:00,28.79,37.67,50.72,52.95,39.1,56.66,43.87,54.99,49.83,55.1,0.0,3.28,0
2018-12-05 01:00:00,28.85,37.77,50.7,52.95,39.1,56.66,43.91,55.05,52.48,61.32,0.0,3.28,0
2018-12-05 01:05:00,28.9,37.77,50.68,52.91,39.1,56.66,43.86,55.07,53.53,59.31,0.0,3.25,0
2018-12-05 01:10:00,28.93,37.77,50.65,52.93,39.1,56.66,43.92,55.03,50.65,57.51,0.0,3.22,0
2018-12-05 01:15:00,28.88,37.83,50.67,52.93,39.1,56.67,43.95,55.02,53.93,57.73,0.0,3.16,0
2018-12-05 01:20:00,28.85,37.83,50.7,52.95,39.1,56.66,43.91,55.03,55.53,55.59,0.0,3.18,0
2018-12-05 01:25:00,28.8,37.86,50.69,52.95,39.1,56.64,43.9,55.08,52.81,55.18,0.0,3.23,0
2018-12-05 01:30:00,28.85,37.89,50.7,52.89,39.1,56.67,43.89,55.05,52.38,55.96,0.0,3.23,0
2018-12-05 01:35:00,28.8,37.84,50.7,52.93,39.1,56.65,43.86,55.05,47.92,54.71,0.0,3.3,0
2018-12-05 01:40:00,28.89,37.71,50.69,52.91,39.1,56.6,43.91,55.04,47.43,55.99,0.0,3.26,0
2018-12-05 01:45:00,28.88,37.88,50.68,52.93,39.1,56.58,43.94,55.0,48.62,57.39,0.0,3.26,0
2018-12-05 01:50:00,28.86,37.84,50.67,52.85,39.1,56.62,43.89,55.05,49.89,58.06,0.0,3.24,0
2018-12-05 01:55:00,28.84,37.88,50.68,52.91,39.1,56.63,43.92,55.09,50.53,56.44,0.0,3.3,0
2018-12-05 02:00:00,28.82,37.84,50.7,52.91,39.1,56.59,43.92,55.1,54.07,56.88,0.0,3.29,0
2018-12-05 02:05:00,28.83,37.77,50.7,52.86,39.1,56.62,43.94,55.06,53.69,59.29,1.3,3.29,0
2018-12-05 02:10:00,28.8,37.72,50.71,52.92,39.1,56.63,43.94,55.08,52.13,62.05,0.0,3.27,0
2018-12-05 02:15:00,28.86,37.77,50.69,52.91,39.1,56.65,43.87,55.06,55.19,61.51,0.0,3.28,0
2018-12-05 02:20:00,28.89,37.85,50.65,52.93,39.1,56.62,43.92,55.09,51.62,60.9,0.0,3.33,0
2018-12-05 02:25:00,28.89,37.76,50.67,52.92,39.1,56.66,43.93,55.09,53.21,59.38,0.0,3.33,0
2018-12-05 02:30:00,28.92,37.71,50.65,52.91,39.1,56.65,43.9,55.08,53.19,58.77,0.0,3.3,0
2018-12-05 02:35:00,28.86,37.65,50.68,52.86,39.1,56.64,43.91,55.07,51.75,54.2,0.0,3.31,0
2018-12-05 02:40:00,28.82,37.7,50.7,52.89,39.1,56.65,43.94,55.05,48.98,51.56,0.0,3.36,0
2018-12-05 02:45:00,28.85,37.76,50.71,52.86,39.1,56.69,43.88,55.03,49.37,51.43,0.0,3.35,0
2018-12-05 02:50:00,28.84,37.75,50.71,52.86,39.1,56.68,43.88,55.04,51.96,56.01,0.0,3.34,0
2018-12-05 02:55:00,28.85,37.71,50.7,52.88,39.1,56.69,43.85,55.04,48.94,49.35,0.0,3.33,0
2018-12-05 03:00:00,28.81,37.78,50.7,52.89,39.1,56.67,43.9,55.05,48.16,49.38,0.0,3.41,0
2018-12-05 03:05:00,28.83,37.8,50.7,52.92,39.1,56.68,43.87,55.02,45.63,47.4,0.0,3.29,0
2018-12-05 03:10:00,28.79,37.8,50.71,52.89,39.1,56.69,43.92,55.02,46.87,49.32,0.0,3.33,0
2018-12-05 03:15:00,28.85,37.76,50.71,52.93,39.1,56.72,43.87,55.06,44.77,52.4,0.0,3.28,0
2018-12-05 03:20:00,28.85,37.77,50.69,52.92,39.1,56.69,43.85,55.12,50.23,51.66,0.0,3.28,0
2018-12-05 03:25:00,28.91,37.74,50.69,52.93,39.1,56.68,43.86,55.06,49.79,55.97,0.0,3.32,0
2018-12-05 03:30:00,28.9,37.74,50.71,52.93,39.1,56.62,43.85,55.02,49.54,52.71,0.0,3.3,0
2018-12-05 03:35:00,28.85,37.68,50.67,52.91,39.1,56.64,43.85,55.02,50.98,55.73,0.0,3.28,0
2018-12-05 03:40:00,28.88,37.76,50.68,52.93,39.1,56.63,43.93,55.06,52.57,53.67,0.0,3.28,0
2018-12-05 03:45:00,28.83,37.76,50.68,52.9,39.1,56.61,43.91,55.07,53.46,53.93,0.0,3.28,0
2018-12-05 03:50:00,28.82,37.79,50.69,52.89,39.1,56.64,43.91,55.03,55.77,58.33,0.0,3.26,0
2018-12-05 03:55:00,28.82,37.85,50.66,52.87,39.1,56.66,43.9,55.07,60.34,56.08,0.0,3.3,0
2018-12-05 04:00:00,28.73,37.81,50.69,52.89,39.1,56.65,43.88,55.09,61.78,53.8,0.0,3.34,0
2018-12-05 04:05:00,28.82,37.81,50.69,52.88,39.1,56.64,43.96,55.07,57.64,53.01,0.0,3.37,0
2018-12-05 04:10:00,28.85,37.87,50.7,52.92,39.1,56.6,43.96,55.04,58.47,57.84,0.0,3.39,0
2018-12-05 04:15:00,28.79,37.88,50.7,52.99,39.1,56.67,43.83,55.1,54.79,55.28,1.09,3.38,0
2018-12-05 04:20:00,28.81,37.88,50.68,52.94,39.1,56.66,43.88,55.08,51.43,57.49,0.0,3.36,0
2018-12-05 04:25:00,28.77,37.85,50.66,52.92,39.1,56.66,43.9,55.08,53.72,58.9,0.0,3.45,0
2018-12-05 04:30:00,28.8,37.79,50.65,52.88,39.1,56.63,43.88,55.05,54.53,60.21,0.0,3.41,0
2018-12-05 04:35:00,28.76,37.89,50.66,52.86,39.1,56.62,43.87,55.07,54.98,62.18,0.0,3.34,0
2018-12-05 04:40:00,28.78,37.77,50.66,52.85,39.1,56.58,43.92,55.06,52.43,59.49,0.0,3.33,0
2018-12-05 04:45:00,28.8,37.74,50.65,52.82,39.1,56.59,43.88,55.03,56.59,57.31,1.29,3.23,0
2018-12-05 04:50:00,28.81,37.73,50.65,52.86,39.1,56.6,43.89,55.01,56.39,59.46,1.76,3.13,0
2018-12-05 04:55:00,28.79,37.78,50.66,52.82,39.1,56.62,43.95,55.01,58.12,62.61,0.49,3.23,0
2018-12-05 05:00:00,28.76,37.76,50.62,52.82,39.09,56.62,43.9,55.02,56.67,59.98,0.0,3.27,0
2018-12-05 05:05:00,28.75,37.71,50.59,52.84,39.1,56.63,43.87,55.01,56.45,60.5,0.26,3.21,0
2018-12-05 05:10:00,28.8,37.65,50.61,52.81,39.1,56.64,43.89,54.98,58.08,64.12,1.6,3.25,0
2018-12-05 05:15:00,28.8,37.73,50.61,52.85,39.09,56.63,43.89,54.95,61.32,60.41,3.11,3.33,0
2018-12-05 05:20:00,28.82,37.8,50.59,52.89,39.09,56.61,43.82,54.94,60.69,64.51,4.73,3.31,0
2018-12-05 05:25:00,28.79,37.78,50.59,52.88,39.09,56.58,43.77,54.95,62.94,63.3,5.14,3.38,0
2018-12-05 05:30:00,28.81,37.71,50.61,52.86,39.09,56.61,43.79,54.92,64.09,63.94,5.77,3.35,0
2018-12-05 05:35:00,28.84,37.72,50.63,52.83,39.09,56.6,43.75,54.93,61.56,61.99,7.62,3.32,0
2018-12-05 05:40:00,28.74,37.71,50.64,52.82,39.09,56.55,43.73,54.91,63.86,63.24,8.18,3.36,0
2018-12-05 05:45:00,28.68,37.64,50.62,52.82,39.09,56.59,43.7,54.94,66.75,65.35,8.64,3.3,0
2018-12-05 05:50:00,28.72,37.66,50.61,52.76,39.09,56.57,43.75,54.96,66.39,68.73,8.38,3.36,0
2018-12-05 05:55:00,28.77,37.66,50.59,52.8,39.09,56.56,43.77,54.92,66.69,70.73,10.09,3.27,0
2018-12-05 06:00:00,28.68,37.7,50.55,52.79,39.09,56.58,43.75,54.89,67.11,68.86,10.95,3.26,0
2018-12-05 06:05:00,28.61,37.59,50.55,52.8,39.09,56.57,43.73,54.92,69.72,71.18,10.6,3.31,0
2018-12-05 06:10:00,28.57,37.55,50.56,52.76,39.09,56.56,43.75,54.89,71.31,68.71,10.68,3.28,0
2018-12-05 06:15:00,28.56,37.51,50.57,52.77,39.09,56.54,43.72,54.87,75.2,72.76,10.17,3.26,0
2018-12-05 06:20:00,28.57,37.51,50.57,52.75,39.09,56.48,43.7,54.89,76.67,73.85,12.51,3.33,0
2018-12-05 06:25:00,28.6,37.49,50.54,52.74,39.09,56.46,43.73,54.85,73.94,76.12,13.86,3.37,0
2018-12-05 06:30:00,28.57,37.42,50.56,52.77,39.09,56.53,43.69,54.85,73.35,76.15,14.56,3.33,0
2018-12-05 06:35:00,28.63,37.49,50.55,52.77,39.09,56.49,43.71,54.81,77.73,81.63,14.68,3.37,0
2018-12-05 06:40:00,28.59,37.45,50.55,52.65,39.09,56.49,43.67,54.75,78.72,79.23,17.06,3.38,0
2018-12-05 06:45:00,28.53,37.45,50.54,52.65,39.09,56.46,43.61,54.73,79.27,79.29,17.94,3.36,0
2018-12-05 06:50:00,28.48,37.37,50.5,52.6,39.09,56.48,43.61,54.75,79.86,79.3,20.09,3.34,0
2018-12-05 06:55:00,28.46,37.42,50.51,52.59,39.09,56.44,43.65,54.78,76.31,77.7,23.22,3.37,0
2018-12-05 07:00:00,28.46,37.37,50.56,52.6,39.09,56.42,43.6,54.82,82.57,81.22,20.85,3.33,0
2018-12-05 07:05:00,28.45,37.38,50.53,52.54,39.09,56.4,43.57,54.86,83.62,81.22,18.18,3.32,0
2018-12-05 07:10:00,28.43,37.33,50.48,52.55,39.09,56.42,43.63,54.81,83.17,83.04,16.11,3.31,0
2018-12-05 07:15:00,28.41,37.35,50.48,52.59,39.09,56.39,43.57,54.79,83.02,84.32,18.68,3.29,0
2018-12-05 07:20:00,28.38,37.35,50.47,52.6,39.09,56.4,43.61,54.77,81.19,84.47,21.93,3.31,0
2018-12-05 07:25:00,28.4,37.32,50.44,52.6,39.09,56.38,43.64,54.76,80.07,81.97,23.79,3.34,0
2018-12-05 07:30:00,28.48,37.25,50.49,52.56,39.09,56.37,43.58,54.77,82.49,79.92,25.09,3.36,0
2018-12-05 07:35:00,28.44,37.29,50.51,52.64,39.09,56.38,43.52,54.79,84.59,83.23,26.66,3.27,0
2018-12-05 07:40:00,28.44,37.26,50.5,52.71,39.09,56.36,43.55,54.8,86.3,86.36,26.05,3.23,0
2018-12-05 07:45:00,28.41,37.33,50.47,52.66,39.09,56.39,43.55,54.81,82.37,86.66,24.03,3.25,0
2018-12-05 07:50:00,28.47,37.26,50.46,52.64,39.09,56.4,43.55,54.81,81.53,86.74,27.52,3.26,0
2018-12-05 07:55:00,28.42,37.33,50.47,52.65,39.09,56.4,43.52,54.75,80.31,85.54,28.53,3.29,0
2018-12-05 08:00:00,28.4,37.39,50.47,52.62,39.09,56.37,43.58,54.74,82.51,89.26,25.56,3.26,0
2018-12-05 08:05:00,28.33,37.42,50.46,52.58,39.09,56.38,43.61,54.77,84.82,89.37,23.78,3.28,0
2018-12-05 08:10:00,28.27,37.41,50.45,52.52,39.09,56.37,43.6,54.73,84.97,87.53,24.69,3.34,0
2018-12-05 08:15:00,28.3,37.32,50.47,52.51,39.09,56.36,43.55,54.75,87.34,88.2,26.9,3.35,0
2018-12-05 08:20:00,28.31,37.33,50.49,52.52,39.09,56.36,43.55,54.75,88.11,87.83,27.79,3.37,0
2018-12-05 08:25:00,28.37,37.32,50.49,52.53,39.09,56.4,43.55,54.76,87.83,88.52,28.1,3.36,0
2018-12-05 08:30:00,28.41,37.3,50.48,52.56,39.09,56.39,43.6,54.78,87.43,91.11,26.46,3.31,0
2018-12-05 08:35:00,28.43,37.28,50.51,52.52,39.09,56.42,43.58,54.79,85.2,91.28,29.73,3.34,0
2018-12-05 08:40:00,28.46,37.32,50.49,52.52,39.09,56.45,43.58,54.73,82.84,89.12,28.38,3.27,0
2018-12-05 08:45:00,28.49,37.37,50.49,52.55,39.09,56.47,43.56,54.77,82.21,87.8,25.59,3.27,0
2018-12-05 08:50:00,28.51,37.38,50.53,52.58,39.09,56.43,43.57,54.81,81.47,91.38,23.01,3.22,0
2018-12-05 08:55:00,28.48,37.36,50.53,52.62,39.09,56.38,43.57,54.81,79.03,88.5,18.66,3.24,0
2018-12-05 09:00:00,28.46,37.37,50.55,52.69,39.09,56.4,43.59,54.81,77.97,84.08,20.25,3.24,0
2018-12-05 09:05:00,28.47,37.37,50.55,52.73,39.09,56.41,43.64,54.81,76.37,83.72,18.26,3.22,0
2018-12-05 09:10:00,28.48,37.39,50.55,52.74,39.09,56.44,43.68,54.82,74.3,81.98,13.28,3.13,0
2018-12-05 09:15:00,28.51,37.39,50.56,52.72,39.09,56.46,43.66,54.82,72.72,79.87,13.53,3.13,0
2018-12-05 09:20:00,28.57,37.36,50.58,52.7,39.09,56.46,43.71,54.84,69.37,77.28,11.06,3.17,0
2018-12-05 09:25:00,28.57,37.34,50.57,52.71,39.09,56.47,43.71,54.86,65.41,72.71,10.19,3.12,0
2018-12-05 09:30:00,28.59,37.41,50.59,52.77,39.09,56.46,43.76,54.85,65.1,72.36,10.14,3.19,0
2018-12-05 09:35:00,28.68,37.47,50.6,52.78,39.09,56.45,43.78,54.88,68.4,73.46,9.14,3.22,0
2018-12-05 09:40:00,28.68,37.48,50.59,52.72,39.09,56.46,43.77,54.89,68.77,69.92,9.42,3.23,0
2018-12-05 09:45:00,28.7,37.54,50.58,52.73,39.09,56.49,43.79,54.93,67.35,70.14,9.38,3.26,0
2018-12-05 09:50:00,28.76,37.53,50.59,52.77,39.09,56.5,43.79,54.91,65.07,68.85,12.21,3.24,0
2018-12-05 09:55:00,28.73,37.59,50.57,52.74,39.09,56.5,43.82,54.92,66.71,66.68,12.68,3.24,0
2018-12-05 10:00:00,28.75,37.66,50.59,52.69,39.09,56.52,43.82,54.92,65.94,66.21,11.22,3.28,0
2018-12-05 10:05:00,28.7,37.62,50.6,52.76,39.09,56.5,43.79,54.96,64.39,67.87,11.83,3.27,0
2018-12-05 10:10:00,28.69,37.67,50.65,52.81,39.1,56.51,43.76,54.93,64.44,68.54,8.37,3.2,0
2018-12-05 10:15:00,28.69,37.69,50.65,52.81,39.1,56.55,43.78,54.96,64.76,69.93,6.79,3.2,0
2018-12-05 10:20:00,28.73,37.63,50.64,52.82,39.1,56.56,43.79,54.95,61.66,66.85,8.26,3.24,0
2018-12-05 10:25:00,28.82,37.65,50.65,52.88,39.1,56.53,43.79,54.95,63.99,68.83,6.18,3.26,0
2018-12-05 10:30:00,28.78,37.64,50.64,52.87,39.09,56.53,43.81,54.97,60.48,61.2,5.31,3.25,0
2018-12-05 10:35:00,28.82,37.64,50.64,52.84,39.09,56.58,43.8,54.96,61.25,64.05,5.71,3.29,0
2018-12-05 10:40:00,28.85,37.65,50.65,52.84,39.1,56.57,43.83,54.97,59.16,64.66,2.96,3.24,0
2018-12-05 10:45:00,28.84,37.69,50.66,52.85,39.1,56.56,43.8,54.95,57.95,64.45,0.0,3.17,0
2018-12-05 10:50:00,28.84,37.68,50.66,52.86,39.1,56.59,43.82,54.89,59.35,63.91,0.0,3.13,0
2018-12-05 10:55:00,28.86,37.71,50.63,52.84,39.1,56.6,43.86,54.9,58.54,60.99,0.0,3.19,0
2018-12-05 11:00:00,28.85,37.63,50.63,52.84,39.1,56.61,43.85,54.97,58.04,62.43,2.56,3.2,0
2018-12-05 11:05:00,28.82,37.68,50.62,52.82,39.1,56.6,43.82,54.95,59.01,60.96,0.0,3.23,0
2018-12-05 11:10:00,28.87,37.74,50.67,52.77,39.1,56.57,43.78,54.98,54.56,62.3,0.08,3.2,0
2018-12-05 11:15:00,28.85,37.76,50.63,52.77,39.09,56.63,43.83,54.95,52.2,62.6,0.0,3.22,0
2018-12-05 11:20:00,28.85,37.8,50.67,52.82,39.1,56.59,43.81,54.97,56.36,58.13,0.0,3.24,0
2018-12-05 11:25:00,28.8,37.77,50.71,52.84,39.09,56.61,43.92,54.97,55.83,59.74,0.0,3.2,0
2018-12-05 11:30:00,28.81,37.72,50.68,52.86,39.1,56.6,43.9,54.97,54.8,59.0,0.0,3.23,0
2018-12-05 11:35:00,28.76,37.77,50.64,52.85,39.1,56.65,43.94,55.0,53.05,58.23,0.0,3.24,0
2018-12-05 11:40:00,28.79,37.79,50.69,52.84,39.1,56.65,44.0,55.03,55.02,55.74,0.78,3.18,0
2018-12-05 11:45:00,28.75,37.77,50.68,52.82,39.1,56.64,43.97,55.02,50.87,59.83,0.46,3.22,0
2018-12-05 11:50:00,28.71,37.72,50.67,52.78,39.09,56.62,43.95,55.09,51.98,59.68,0.0,3.21,0
2018-12-05 11:55:00,28.69,37.79,50.66,52.8,39.09,56.64,43.88,55.08,49.11,60.83,0.0,3.26,0
2018-12-05 12:00:00,28.76,37.75,50.67,52.87,39.1,56.63,43.84,55.06,49.67,59.12,0.0,3.27,0
2018-12-05 12:05:00,28.74,37.73,50.65,52.83,39.09,56.62,43.89,55.01,47.22,57.96,0.0,3.24,0
2018-12-05 12:10:00,28.77,37.8,50.68,52.85,39.09,56.6,43.84,55.05,47.92,54.37,0.0,3.14,0
2018-12-05 12:15:00,28.77,37.71,50.71,52.89,39.1,56.62,43.84,55.09,47.78,58.93,0.0,3.16,0
2018-12-05 12:20:00,28.81,37.71,50.7,52.96,39.1,56.6,43.82,55.06,52.18,56.96,0.0,3.17,0
2018-12-05 12:25:00,28.75,37.67,50.69,52.93,39.1,56.62,43.88,55.05,51.04,57.43,0.0,3.1,0
2018-12-05 12:30:00,28.78,37.7,50.7,52.93,39.1,56.61,43.91,55.06,54.0,58.98,0.0,3.11,0
2018-12-05 12:35:00,28.79,37.75,50.7,52.93,39.09,56.61,43.96,55.04,53.79,56.33,0.0,3.09,0
2018-12-05 12:40:00,28.84,37.77,50.68,52.92,39.1,56.61,43.87,55.04,53.74,55.96,0.0,3.2,0
2018-12-05 12:45:00,28.87,37.73,50.68,52.93,39.1,56.63,43.87,55.0,51.22,53.51,0.0,3.14,0
2018-12-05 12:50:00,28.78,37.71,50.7,52.92,39.1,56.65,43.88,55.0,54.93,56.24,0.0,3.21,0
2018-12-05 12:55:00,28.85,37.71,50.66,52.9,39.1,56.65,43.9,55.03,54.74,58.93,0.0,3.21,0
2018-12-05 13:00:00,28.9,37.73,50.69,52.87,39.1,56.68,43.88,55.07,56.36,57.65,0.0,3.2,0
2018-12-05 13:05:00,28.9,37.82,50.68,52.86,39.1,56.62,43.82,55.05,51.97,59.38,0.0,3.22,0
2018-12-05 13:10:00,28.83,37.78,50.69,52.84,39.1,56.64,43.81,55.09,53.59,61.6,0.05,3.24,0
2018-12-05 13:15:00,28.86,37.82,50.68,52.83,39.1,56.64,43.88,55.06,53.28,59.9,0.0,3.18,0
2018-12-05 13:20:00,28.89,37.78,50.68,52.88,39.1,56.67,43.87,55.09,56.97,57.77,0.35,3.1,0
2018-12-05 13:25:00,28.87,37.71,50.68,52.86,39.1,56.63,43.91,55.03,55.11,56.84,0.77,3.04,0
2018-12-05 13:30:00,28.9,37.79,50.7,52.87,39.1,56.61,43.94,55.03,51.18,54.8,0.19,3.08,0
2018-12-05 13:35:00,28.96,37.8,50.68,52.82,39.1,56.71,43.92,55.04,54.07,53.81,1.73,3.11,0
2018-12-05 13:40:00,28.91,37.83,50.66,52.8,39.1,56.69,43.94,55.07,51.08,58.6,0.0,3.11,0
2018-12-05 13:45:00,28.86,37.83,50.66,52.86,39.1,56.69,43.91,55.07,51.58,56.5,0.0,3.08,0
2018-12-05 13:50:00,28.85,37.86,50.63,52.85,39.1,56.67,43.92,55.08,54.49,56.77,2.65,3.05,0
2018-12-05 13:55:00,28.87,37.86,50.63,52.83,39.1,56.64,43.9,55.09,54.49,56.56,2.27,3.08,0
2018-12-05 14:00:00,28.87,37.86,50.64,52.86,39.1,56.65,43.96,55.09,55.18,57.83,0.98,3.06,0
2018-12-05 14:05:00,28.82,37.81,50.66,52.86,39.1,56.66,43.91,55.08,55.44,58.85,0.0,3.1,0
2018-12-05 14:10:00,28.88,37.81,50.69,52.9,39.1,56.61,43.92,55.07,51.7,55.62,0.0,3.09,0
2018-12-05 14:15:00,28.87,37.82,50.67,52.9,39.1,56.6,43.9,55.05,53.75,55.69,0.0,3.05,0
2018-12-05 14:20:00,28.89,37.82,50.68,52.88,39.1,56.6,43.93,55.05,56.37,54.11,0.0,3.07,0
2018-12-05 14:25:00,28.91,37.78,50.67,52.89,39.1,56.63,43.89,55.04,56.97,56.81,0.0,3.07,0
2018-12-05 14:30:00,28.88,37.78,50.66,52.89,39.1,56.65,43.86,55.05,53.33,62.14,0.0,3.08,0
2018-12-05 14:35:00,28.9,37.81,50.66,52.88,39.1,56.66,43.89,55.02,53.83,59.83,0.0,3.16,0
2018-12-05 14:40:00,28.96,37.83,50.67,52.9,39.1,56.65,43.86,55.05,53.6,59.0,0.0,3.13,0
2018-12-05 14:45:00,28.96,37.81,50.68,52.88,39.1,56.68,43.81,55.01,50.34,60.42,0.0,3.13,0
2018-12-05 14:50:00,28.86,37.79,50.65,52.88,39.09,56.66,43.81,55.03,51.89,61.67,0.0,3.12,0
2018-12-05 14:55:00,28.85,37.81,50.67,52.87,39.1,56.65,43.82,55.03,53.67,59.25,0.0,3.1,0
2018-12-05 15:00:00,28.82,37.77,50.66,52.86,39.1,56.67,43.82,55.0,53.59,60.17,0.0,3.11,0
2018-12-05 15:05:00,28.88,37.75,50.67,52.85,39.09,56.68,43.83,55.04,56.55,59.75,0.0,3.06,0
2018-12-05 15:10:00,28.86,37.7,50.67,52.86,39.09,56.68,43.85,55.05,55.6,56.57,0.0,3.05,0
2018-12-05 15:15:00,28.85,37.71,50.68,52.83,39.09,56.65,43.84,55.02,53.15,53.33,1.3,3.09,0
2018-12-05 15:20:00,28.78,37.75,50.67,52.85,39.1,56.62,43.9,55.03,53.24,54.84,0.0,3.11,0
2018-12-05 15:25:00,28.92,37.68,50.67,52.86,39.1,56.63,43.9,55.07,53.41,54.33,0.0,3.13,0
2018-12-05 15:30:00,28.9,37.66,50.67,52.85,39.1,56.64,43.91,55.05,52.46,56.34,0.0,3.03,0
2018-12-05 15:35:00,28.87,37.65,50.66,52.9,39.09,56.66,43.93,55.05,57.33,61.21,0.0,3.07,0
2018-12-05 15:40:00,28.79,37.7,50.65,52.88,39.1,56.6,43.86,55.02,56.74,63.11,0.0,3.13,0
2018-12-05 15:45:00,28.8,37.72,50.64,52.89,39.1,56.57,43.91,55.04,58.49,60.67,0.0,3.14,0
2018-12-05 15:50:00,28.8,37.74,50.65,52.88,39.1,56.53,43.88,55.02,55.87,61.22,0.0,3.19,0
2018-12-05 15:55:00,28.81,37.8,50.63,52.84,39.1,56.52,43.88,54.97,53.28,60.02,0.0,3.11,0
2018-12-05 16:00:00,28.74,37.8,50.66,52.82,39.1,56.51,43.88,54.98,54.96,63.09,0.0,3.09,0
2018-12-05 16:05:00,28.69,37.7,50.68,52.81,39.1,56.48,43.83,54.97,54.67,61.01,0.0,2.98,0
2018-12-05 16:10:00,28.79,37.66,50.68,52.85,39.09,56.54,43.85,54.99,54.66,62.82,0.0,2.99,0
2018-12-05 16:15:00,28.73,37.63,50.64,52.82,39.09,56.54,43.85,54.98,54.87,61.84,0.0,2.99,0
2018-12-05 16:20:00,28.76,37.63,50.64,52.88,39.09,56.58,43.82,54.99,56.68,64.86,0.0,2.98,0
2018-12-05 16:25:00,28.75,37.63,50.63,52.93,39.1,56.65,43.81,55.03,57.13,61.42,0.0,2.98,0
2018-12-05 16:30:00,28.79,37.64,50.63,52.88,39.1,56.65,43.85,54.99,55.7,61.1,0.0,2.97,0
2018-12-05 16:35:00,28.78,37.65,50.61,52.9,39.1,56.68,43.82,54.98,53.72,62.2,2.26,3.01,0
2018-12-05 16:40:00,28.76,37.68,50.59,52.89,39.1,56.64,43.89,54.96,52.85,63.14,1.22,3.08,0
2018-12-05 16:45:00,28.75,37.64,50.62,52.78,39.1,56.6,43.84,54.95,54.55,67.08,1.62,3.14,0
2018-12-05 16:50:00,28.7,37.66,50.61,52.79,39.09,56.59,43.78,54.92,57.36,66.26,0.0,3.15,0
2018-12-05 16:55:00,28.65,37.59,50.61,52.77,39.09,56.58,43.84,54.89,57.56,67.58,1.09,3.11,0
2018-12-05 17:00:00,28.65,37.61,50.57,52.74,39.09,56.59,43.83,54.88,56.79,66.5,3.82,3.08,0
2018-12-05 17:05:00,28.59,37.55,50.57,52.76,39.09,56.6,43.82,54.93,58.86,70.41,5.31,3.02,0
2018-12-05 17:10:00,28.52,37.48,50.56,52.8,39.09,56.57,43.82,54.97,61.4,72.37,6.39,3.02,0
2018-12-05 17:15:00,28.56,37.47,50.57,52.92,39.09,56.58,43.75,54.92,63.0,69.92,9.01,3.07,0
2018-12-05 17:20:00,28.56,37.48,50.57,52.85,39.09,56.59,43.76,54.95,63.05,70.57,8.43,3.05,0
2018-12-05 17:25:00,28.62,37.54,50.55,52.84,39.09,56.55,43.78,54.94,63.95,65.37,11.28,3.12,0
2018-12-05 17:30:00,28.65,37.58,50.54,52.8,39.09,56.54,43.7,54.93,69.08,68.35,8.14,3.1,0
2018-12-05 17:35:00,28.65,37.56,50.57,52.72,39.09,56.52,43.74,54.94,68.48,64.29,10.94,3.1,0
2018-12-05 17:40:00,28.64,37.49,50.55,52.71,39.09,56.5,43.7,54.88,70.82,71.27,13.41,3.08,0
2018-12-05 17:45:00,28.58,37.46,50.58,52.76,39.09,56.51,43.74,54.89,73.07,74.05,19.57,3.1,0
2018-12-05 17:50:00,28.59,37.52,50.59,52.74,39.09,56.46,43.7,54.88,74.3,75.64,18.63,3.1,0
2018-12-05 17:55:00,28.55,37.47,50.56,52.76,39.09,56.45,43.65,54.88,75.23,77.81,18.64,3.07,0
2018-12-05 18:00:00,28.56,37.5,50.58,52.72,39.09,56.46,43.62,54.86,73.07,80.31,17.83,3.05,0
2018-12-05 18:05:00,28.66,37.54,50.57,52.64,39.09,56.43,43.57,54.91,75.05,82.1,13.54,3.06,0
2018-12-05 18:10:00,28.51,37.47,50.56,52.69,39.09,56.42,43.57,54.86,74.61,82.91,12.55,3.06,0
2018-12-05 18:15:00,28.54,37.46,50.55,52.69,39.09,56.43,43.57,54.86,71.39,80.6,12.61,3.06,0
2018-12-05 18:20:00,28.53,37.47,50.53,52.71,39.09,56.46,43.53,54.86,71.86,77.28,12.88,3.08,0
2018-12-05 18:25:00,28.49,37.48,50.54,52.74,39.09,56.48,43.5,54.86,73.77,79.38,13.64,3.12,0
2018-12-05 18:30:00,28.51,37.48,50.53,52.7,39.09,56.47,43.55,54.84,74.21,77.8,18.52,3.06,0
2018-12-05 18:35:00,28.45,37.47,50.52,52.67,39.09,56.44,43.53,54.86,75.43,80.91,19.53,3.05,0
2018-12-05 18:40:00,28.54,37.48,50.52,52.59,39.09,56.37,43.54,54.85,78.06,82.04,19.81,2.98,0
2018-12-05 18:45:00,28.56,37.45,50.51,52.59,39.09,56.37,43.56,54.8,80.55,83.62,20.41,3.03,0
2018-12-05 18:50:00,28.51,37.42,50.53,52.6,39.09,56.39,43.56,54.79,79.61,85.53,19.48,3.06,0
2018-12-05 18:55:00,28.42,37.44,50.5,52.63,39.09,56.37,43.54,54.78,77.32,86.19,20.03,3.09,0
2018-12-05 19:00:00,28.41,37.5,50.52,52.62,39.09,56.41,43.53,54.8,73.8,84.84,20.44,3.01,0
2018-12-05 19:05:00,28.49,37.48,50.53,52.65,39.09,56.42,43.56,54.81,76.95,85.94,21.18,3.0,0
2018-12-05 19:10:00,28.56,37.42,50.54,52.56,39.09,56.42,43.61,54.81,79.6,86.18,22.34,3.02,0
2018-12-05 19:15:00,28.53,37.46,50.53,52.62,39.09,56.41,43.63,54.83,78.17,84.99,18.65,3.05,0
2018-12-05 19:20:00,28.55,37.47,50.54,52.56,39.09,56.44,43.58,54.79,80.12,80.29,18.53,3.03,0
2018-12-05 19:25:00,28.52,37.41,50.51,52.56,39.09,56.48,43.58,54.79,78.11,77.94,19.68,3.09,0
2018-12-05 19:30:00,28.5,37.4,50.5,52.61,39.09,56.48,43.6,54.84,81.16,77.1,15.29,3.15,0
2018-12-05 19:35:00,28.47,37.41,50.51,52.64,39.09,56.54,43.58,54.82,82.22,79.11,14.44,3.11,0
2018-12-05 19:40:00,28.54,37.44,50.54,52.62,39.09,56.56,43.59,54.87,78.53,79.79,19.01,3.04,0
2018-12-05 19:45:00,28.51,37.47,50.55,52.71,39.09,56.49,43.6,54.86,79.61,77.06,14.9,3.06,0
2018-12-05 19:50:00,28.54,37.46,50.55,52.65,39.09,56.45,43.58,54.86,76.02,77.08,17.24,3.05,0
2018-12-05 19:55:00,28.55,37.4,50.54,52.65,39.09,56.45,43.56,54.86,72.75,74.99,20.08,3.09,0
2018-12-05 20:00:00,28.67,37.48,50.55,52.68,39.09,56.5,43.63,54.88,72.84,75.25,19.24,3.09,0
2018-12-05 20:05:00,28.65,37.47,50.54,52.66,39.09,56.51,43.65,54.9,71.73,75.92,20.0,3.07,0
2018-12-05 20:10:00,28.61,37.46,50.54,52.68,39.09,56.5,43.67,54.9,69.56,72.82,18.96,3.11,0
2018-12-05 20:15:00,28.58,37.41,50.56,52.67,39.09,56.5,43.68,54.93,67.48,68.92,16.99,3.13,0
2018-12-05 20:20:00,28.63,37.42,50.56,52.68,39.09,56.51,43.67,54.91,68.9,70.2,13.74,3.15,0
2018-12-05 20:25:00,28.72,37.43,50.59,52.73,39.09,56.48,43.65,54.93,68.03,69.04,10.9,3.14,0
2018-12-05 20:30:00,28.78,37.39,50.55,52.74,39.09,56.52,43.67,54.94,68.23,69.42,9.32,3.1,0
2018-12-05 20:35:00,28.72,37.36,50.55,52.76,39.09,56.54,43.65,54.98,66.5,69.61,7.55,3.21,0
2018-12-05 20:40:00,28.74,37.44,50.57,52.81,39.09,56.53,43.67,54.94,64.04,68.87,9.15,3.16,0
2018-12-05 20:45:00,28.68,37.49,50.59,52.76,39.09,56.51,43.68,54.94,65.88,70.8,5.74,3.15,0
2018-12-05 20:50:00,28.69,37.44,50.6,52.75,39.09,56.53,43.72,54.96,68.15,66.95,4.77,3.18,0
2018-12-05 20:55:00,28.64,37.44,50.59,52.74,39.09,56.54,43.74,54.97,63.95,67.23,5.63,3.14,0
2018-12-05 21:00:00,28.67,37.56,50.58,52.75,39.09,56.57,43.76,54.96,63.51,68.81,5.04,3.16,0
2018-12-05 21:05:00,28.65,37.58,50.59,52.8,39.09,56.58,43.76,55.01,65.73,69.79,3.47,3.12,0
2018-12-05 21:10:00,28.67,37.58,50.6,52.87,39.09,56.57,43.78,54.96,63.39,68.92,2.38,3.1,0
2018-12-05 21:15:00,28.75,37.61,50.63,52.88,39.09,56.59,43.75,54.97,63.16,70.31,0.59,3.11,0
2018-12-05 21:20:00,28.72,37.57,50.62,52.9,39.09,56.59,43.77,55.0,59.03,64.2,2.1,3.12,0
2018-12-05 21:25:00,28.72,37.53,50.62,52.82,39.09,56.62,43.81,55.0,58.36,61.07,1.74,3.08,0
2018-12-05 21:30:00,28.78,37.66,50.64,52.78,39.09,56.66,43.8,54.98,59.28,61.22,3.44,3.02,0
2018-12-05 21:35:00,28.77,37.63,50.65,52.72,39.09,56.66,43.82,55.02,59.19,64.3,2.36,3.04,0
2018-12-05 21:40:00,28.73,37.73,50.65,52.81,39.09,56.65,43.76,55.04,56.01,65.5,0.0,3.06,0
2018-12-05 21:45:00,28.73,37.67,50.64,52.83,39.1,56.61,43.78,55.04,55.29,62.73,1.09,3.07,0
2018-12-05 21:50:00,28.76,37.71,50.66,52.86,39.09,56.59,43.78,55.04,56.37,63.3,0.96,3.09,0
2018-12-05 21:55:00,28.8,37.7,50.64,52.86,39.09,56.61,43.82,55.04,58.09,62.27,0.0,3.08,0
2018-12-05 22:00:00,28.73,37.72,50.67,52.82,39.09,56.6,43.76,55.08,55.66,62.07,0.0,3.1,0
2018-12-05 22:05:00,28.78,37.66,50.67,52.87,39.09,56.62,43.8,55.08,55.33,65.55,0.0,3.1,0
2018-12-05 22:10:00,28.81,37.67,50.67,52.88,39.1,56.63,43.78,55.09,51.48,62.51,0.0,3.07,0
2018-12-05 22:15:00,28.73,37.78,50.68,52.86,39.1,56.6,43.82,55.03,53.31,60.68,0.0,3.15,0
2018-12-05 22:20:00,28.75,37.74,50.66,52.88,39.1,56.57,43.82,55.01,54.78,57.75,3.21,3.18,0
2018-12-05 22:25:00,28.78,37.72,50.66,52.83,39.1,56.61,43.84,54.99,54.74,59.88,1.29,3.24,0
2018-12-05 22:30:00,28.76,37.66,50.68,52.88,39.1,56.63,43.81,55.02,54.59,57.17,1.48,3.27,0
2018-12-05 22:35:00,28.74,37.63,50.72,52.9,39.1,56.63,43.83,55.03,54.12,55.12,0.31,3.24,0
2018-12-05 22:40:00,28.77,37.71,50.74,52.83,39.1,56.63,43.86,55.04,54.89,55.7,0.0,3.18,0
2018-12-05 22:45:00,28.79,37.79,50.72,52.84,39.09,56.6,43.89,55.05,54.29,55.22,0.0,3.23,0
2018-12-05 22:50:00,28.72,37.76,50.73,52.86,39.09,56.63,43.88,55.06,54.17,56.33,0.0,3.16,0
2018-12-05 22:55:00,28.73,37.74,50.7,52.88,39.09,56.63,43.89,55.06,51.88,56.09,0.04,3.17,0
2018-12-05 23:00:00,28.73,37.77,50.69,52.89,39.1,56.62,43.9,55.03,50.73,56.02,0.27,3.14,0
2018-12-05 23:05:00,28.71,37.73,50.69,52.84,39.1,56.68,43.89,55.07,52.97,55.3,0.0,3.16,0
2018-12-05 23:10:00,28.79,37.74,50.68,52.91,39.1,56.66,43.87,55.03,53.82,54.95,0.0,3.15,0
2018-12-05 23:15:00,28.85,37.82,50.68,52.9,39.1,56.65,43.9,55.05,51.97,57.26,0.0,3.17,0
2018-12-05 23:20:00,28.79,37.81,50.68,52.91,39.1,56.63,43.88,55.07,52.41,57.64,0.0,3.15,0
2018-12-05 23:25:00,28.8,37.76,50.67,52.92,39.1,56.64,43.86,55.03,53.34,59.94,0.8,3.15,0
2018-12-05 23:30:00,28.84,37.77,50.68,52.92,39.1,56.66,43.88,54.99,53.99,57.87,1.23,3.16,0
2018-12-05 23:35:00,28.88,37.83,50.67,52.9,39.1,56.63,43.84,54.96,54.02,52.27,0.0,3.18,0
2018-12-05 23:40:00,28.91,37.83,50.65,52.87,39.1,56.61,43.83,54.97,55.39,51.31,0.0,3.14,0
2018-12-05 23:45:00,28.88,37.78,50.68,52.87,39.1,56.61,43.82,54.99,54.67,55.6,0.0,3.14,0
2018-12-05 23:50:00,28.88,37.79,50.66,52.85,39.1,56.62,43.8,54.95,54.02,57.62,0.0,3.09,0
2018-12-05 23:55:00,28.92,37.76,50.67,52.84,39.1,56.62,43.82,54.96,55.15,60.81,0.0,3.08,0
2018-12-06 00:00:00,28.88,37.71,50.68,52.85,39.1,56.63,43.84,54.97,53.9,62.68,0.0,3.11,0
2018-12-06 00:05:00,28.84,37.73,50.67,52.87,39.1,56.63,43.95,54.99,54.28,62.35,0.0,3.11,0
2018-12-06 00:10:00,28.89,37.74,50.68,52.87,39.1,56.61,43.92,55.0,54.23,63.55,0.0,3.13,0
2018-12-06 00:15:00,28.84,37.7,50.66,52.89,39.1,56.68,43.95,55.04,52.17,63.48,0.0,3.2,0
2018-12-06 00:20:00,28.77,37.67,50.65,52.81,39.1,56.65,43.91,55.04,53.65,62.51,0.0,3.26,0
2018-12-06 00:25:00,28.81,37.73,50.66,52.87,39.1,56.61,43.9,55.06,55.88,59.16,0.0,3.2,0
2018-12-06 00:30:00,28.85,37.71,50.67,52.86,39.1,56.6,43.9,55.01,49.1,61.56,0.0,3.3,0
2018-12-06 00:35:00,28.91,37.76,50.7,52.82,39.1,56.61,43.9,55.05,51.08,60.91,0.0,3.28,0
2018-12-06 00:40:00,28.92,37.77,50.73,52.87,39.1,56.64,43.88,55.06,50.82,59.97,0.0,3.22,0
2018-12-06 00:45:00,28.93,37.64,50.71,52.84,39.1,56.66,43.86,55.09,53.88,59.05,0.0,3.26,0
2018-12-06 00:50:00,28.87,37.71,50.69,52.81,39.1,56.66,43.84,55.06,52.64,57.66,0.0,3.26,0
2018-12-06 00:55:00,28.88,37.77,50.67,52.84,39.1,56.66,43.85,55.1,53.48,58.36,0.0,3.23,0
2018-12-06 01:00:00,28.9,37.84,50.7,52.81,39.1,56.63,43.88,55.08,50.85,57.4,0.0,3.23,0
2018-12-06 01:05:00,28.86,37.81,50.67,52.85,39.1,56.64,43.89,55.1,49.06,55.78,0.0,3.22,0
2018-12-06 01:10:00,28.86,37.77,50.67,52.88,39.1,56.64,43.88,55.07,45.35,59.89,0.0,3.24,0
2018-12-06 01:15:00,28.91,37.71,50.66,52.88,39.1,56.63,43.89,55.1,49.58,59.48,0.0,3.19,0
2018-12-06 01:20:00,28.93,37.68,50.66,52.85,39.1,56.63,43.88,55.09,51.82,58.46,0.0,3.24,0
2018-12-06 01:25:00,28.96,37.77,50.65,52.86,39.1,56.66,43.88,55.08,53.83,57.72,0.0,3.27,0
2018-12-06 01:30:00,28.91,37.89,50.63,52.82,39.1,56.64,43.91,55.04,54.67,57.48,0.0,3.32,0
2018-12-06 01:35:00,28.96,37.88,50.66,52.82,39.1,56.62,43.85,55.07,51.34,60.79,0.0,3.28,0
2018-12-06 01:40:00,28.9,37.91,50.68,52.82,39.1,56.61,43.84,55.06,52.66,59.67,0.75,3.3,0
2018-12-06 01:45:00,28.83,37.89,50.71,52.85,39.1,56.62,43.8,55.06,52.22,61.4,1.09,3.21,0
2018-12-06 01:50:00,28.83,37.87,50.69,52.88,39.1,56.66,43.78,55.06,49.89,60.07,0.0,3.23,0
2018-12-06 01:55:00,28.84,37.85,50.66,52.88,39.1,56.66,43.8,55.03,53.72,58.26,0.0,3.27,0
2018-12-06 02:00:00,28.81,37.94,50.64,52.86,39.1,56.69,43.81,55.01,53.05,56.3,0.77,3.26,0
2018-12-06 02:05:00,28.84,37.91,50.66,52.85,39.1,56.7,43.85,54.99,53.99,56.33,0.0,3.27,0
2018-12-06 02:10:00,28.95,37.92,50.63,52.87,39.1,56.67,43.9,55.04,52.12,54.07,0.78,3.27,0
2018-12-06 02:15:00,28.94,37.89,50.65,52.87,39.1,56.66,43.91,55.0,50.84,55.82,0.0,3.23,0
2018-12-06 02:20:00,28.95,37.85,50.65,52.91,39.1,56.65,43.95,55.04,49.59,55.27,0.0,3.24,0
2018-12-06 02:25:00,28.95,37.8,50.64,52.93,39.1,56.66,43.88,55.03,47.67,61.08,0.0,3.26,0
2018-12-06 02:30:00,28.9,37.76,50.67,52.88,39.1,56.63,43.89,55.1,50.89,59.27,0.0,3.3,0
2018-12-06 02:35:00,28.84,37.77,50.68,52.89,39.1,56.63,43.89,55.08,52.13,60.91,0.0,3.31,0
2018-12-06 02:40:00,28.84,37.73,50.66,52.88,39.1,56.63,43.9,55.04,51.57,58.26,0.0,3.28,0
2018-12-06 02:45:00,28.85,37.72,50.65,52.87,39.1,56.62,43.94,55.05,53.27,55.88,0.0,3.26,0
2018-12-06 02:50:00,28.9,37.78,50.71,52.85,39.1,56.62,43.91,55.04,52.44,57.02,0.0,3.3,0
2018-12-06 02:55:00,28.86,37.82,50.7,52.87,39.1,56.63,43.88,55.03,50.1,56.9,0.0,3.34,0
2018-12-06 03:00:00,28.86,37.79,50.7,52.93,39.1,56.62,43.88,55.03,48.31,55.29,0.0,3.32,0
2018-12-06 03:05:00,28.86,37.74,50.67,52.94,39.1,56.64,43.89,55.0,51.47,52.99,0.0,3.24,0
2018-12-06 03:10:00,28.85,37.83,50.68,52.9,39.1,56.65,43.91,55.03,54.51,53.8,0.0,3.2,0
2018-12-06 03:15:00,28.87,37.83,50.69,52.95,39.1,56.63,43.9,55.0,53.44,53.23,0.0,3.29,0
2018-12-06 03:20:00,28.88,37.82,50.66,52.96,39.1,56.6,43.94,54.98,55.0,57.58,0.0,3.33,0
2018-12-06 03:25:00,28.93,37.76,50.66,52.94,39.1,56.61,43.96,55.02,54.45,57.04,0.0,3.35,0
2018-12-06 03:30:00,28.91,37.73,50.67,52.93,39.1,56.64,44.0,55.02,53.79,52.89,0.0,3.37,0
2018-12-06 03:35:00,28.81,37.77,50.69,52.91,39.1,56.64,43.91,55.0,53.15,53.63,0.0,3.3,0
2018-12-06 03:40:00,28.78,37.79,50.68,52.89,39.1,56.63,43.87,55.0,52.4,53.68,0.0,3.26,0
2018-12-06 03:45:00,28.78,37.84,50.67,52.92,39.09,56.67,43.89,55.04,56.94,56.74,0.0,3.29,0
2018-12-06 03:50:00,28.7,37.81,50.67,52.88,39.1,56.64,43.93,55.06,58.36,59.04,0.0,3.25,0
2018-12-06 03:55:00,28.7,37.72,50.71,52.89,39.1,56.64,43.84,55.03,60.73,54.31,0.0,3.25,0
2018-12-06 04:00:00,28.78,37.7,50.71,52.87,39.1,56.64,43.88,55.04,59.58,57.3,0.0,3.24,0
2018-12-06 04:05:00,28.73,37.72,50.66,52.87,39.1,56.61,43.88,55.1,58.54,58.93,0.0,3.27,0
2018-12-06 04:10:00,28.79,37.73,50.67,52.87,39.1,56.63,43.93,55.05,56.3,61.02,0.0,3.33,0
2018-12-06 04:15:00,28.75,37.81,50.65,52.89,39.1,56.61,43.99,55.02,57.4,59.01,0.0,3.37,0
2018-12-06 04:20:00,28.77,37.76,50.64,52.9,39.1,56.59,43.91,54.98,52.99,59.84,0.0,3.31,0
2018-12-06 04:25:00,28.79,37.78,50.67,52.92,39.1,56.62,43.94,54.99,53.8,56.93,0.29,3.38,0
2018-12-06 04:30:00,28.81,37.79,50.66,52.86,39.09,56.64,43.89,55.01,54.74,57.46,0.0,3.41,0
2018-12-06 04:35:00,28.75,37.79,50.67,52.88,39.09,56.65,43.89,55.01,53.73,58.14,0.0,3.38,0
2018-12-06 04:40:00,28.81,37.79,50.68,52.92,39.09,56.67,43.9,55.01,53.4,55.94,0.0,3.34,0
2018-12-06 04:45:00,28.79,37.76,50.67,52.91,39.1,56.65,43.87,55.03,52.35,59.92,0.0,3.34,0
2018-12-06 04:50:00,28.75,37.75,50.65,52.87,39.09,56.64,43.9,55.03,53.76,59.1,0.0,3.37,0
2018-12-06 04:55:00,28.78,37.7,50.64,52.9,39.1,56.65,43.89,55.01,54.9,63.0,0.0,3.34,0
2018-12-06 05:00:00,28.78,37.68,50.66,52.86,39.1,56.66,43.89,55.04,54.98,61.22,0.0,3.29,0
2018-12-06 05:05:00,28.75,37.69,50.64,52.85,39.1,56.68,43.86,55.04,55.15,63.21,0.0,3.26,0
2018-12-06 05:10:00,28.74,37.69,50.62,52.82,39.09,56.67,43.85,55.04,60.56,65.48,0.0,3.24,0
2018-12-06 05:15:00,28.62,37.67,50.58,52.79,39.09,56.65,43.86,55.03,63.96,62.54,0.0,3.21,0
2018-12-06 05:20:00,28.65,37.55,50.59,52.85,39.09,56.6,43.83,55.02,60.27,60.53,0.0,3.25,0
2018-12-06 05:25:00,28.66,37.58,50.57,52.85,39.09,56.59,43.78,55.02,58.43,61.61,0.0,3.22,0
2018-12-06 05:30:00,28.66,37.54,50.57,52.83,39.09,56.58,43.79,55.04,59.35,65.86,0.0,3.23,0
2018-12-06 05:35:00,28.64,37.58,50.58,52.76,39.09,56.56,43.82,55.0,62.38,67.54,0.0,3.21,0
2018-12-06 05:40:00,28.68,37.64,50.58,52.76,39.09,56.56,43.79,54.98,64.09,69.12,2.03,3.26,0
2018-12-06 05:45:00,28.7,37.75,50.57,52.74,39.09,56.59,43.78,54.95,65.53,65.41,5.04,3.33,0
2018-12-06 05:50:00,28.7,37.66,50.57,52.73,39.09,56.55,43.78,54.91,64.55,72.49,7.06,3.24,0
2018-12-06 05:55:00,28.64,37.68,50.57,52.79,39.09,56.53,43.77,54.95,67.46,70.22,6.81,3.29,0
2018-12-06 06:00:00,28.61,37.65,50.58,52.81,39.09,56.5,43.76,54.95,65.17,71.06,7.49,3.33,0
2018-12-06 06:05:00,28.5,37.62,50.61,52.81,39.09,56.53,43.78,54.9,66.99,71.39,9.72,3.34,0
2018-12-06 06:10:00,28.55,37.58,50.58,52.77,39.09,56.51,43.76,54.9,67.59,75.2,13.07,3.34,0
2018-12-06 06:15:00,28.61,37.59,50.58,52.78,39.09,56.49,43.74,54.91,68.67,71.25,14.47,3.37,0
2018-12-06 06:20:00,28.52,37.48,50.58,52.78,39.09,56.45,43.66,54.91,66.24,74.21,13.15,3.31,0
2018-12-06 06:25:00,28.57,37.49,50.57,52.73,39.09,56.43,43.64,54.9,67.3,74.9,15.04,3.38,0
2018-12-06 06:30:00,28.61,37.48,50.57,52.72,39.09,56.48,43.63,54.85,69.35,76.56,18.1,3.36,0
2018-12-06 06:35:00,28.55,37.5,50.55,52.72,39.09,56.47,43.58,54.86,67.46,76.69,16.81,3.25,0
2018-12-06 06:40:00,28.64,37.42,50.56,52.72,39.09,56.48,43.57,54.85,67.7,79.03,14.35,3.23,0
2018-12-06 06:45:00,28.56,37.48,50.56,52.72,39.09,56.44,43.63,54.87,72.11,82.16,17.97,3.29,0
2018-12-06 06:50:00,28.52,37.44,50.54,52.7,39.09,56.41,43.63,54.89,71.66,82.11,20.89,3.37,0
2018-12-06 06:55:00,28.49,37.43,50.51,52.64,39.09,56.43,43.57,54.88,74.04,80.93,22.83,3.39,0
2018-12-06 07:00:00,28.5,37.39,50.48,52.61,39.09,56.38,43.62,54.84,76.76,83.02,20.54,3.32,0
2018-12-06 07:05:00,28.45,37.45,50.49,52.6,39.09,56.4,43.64,54.83,81.11,84.62,23.46,3.4,0
2018-12-06 07:10:00,28.42,37.41,50.51,52.61,39.09,56.4,43.68,54.82,83.26,86.55,23.2,3.37,0
2018-12-06 07:15:00,28.37,37.45,50.53,52.64,39.09,56.43,43.67,54.79,82.54,85.67,20.12,3.3,0
2018-12-06 07:20:00,28.38,37.42,50.5,52.63,39.09,56.45,43.56,54.74,81.69,85.09,21.81,3.29,0
2018-12-06 07:25:00,28.45,37.42,50.51,52.57,39.09,56.42,43.53,54.77,84.33,86.81,21.06,3.26,0
2018-12-06 07:30:00,28.42,37.42,50.51,52.58,39.09,56.42,43.51,54.74,84.95,85.9,26.71,3.25,0
2018-12-06 07:35:00,28.44,37.36,50.5,52.6,39.09,56.4,43.5,54.74,81.02,88.55,30.08,3.2,0
2018-12-06 07:40:00,28.41,37.38,50.49,52.58,39.09,56.37,43.56,54.72,83.9,85.47,25.53,3.25,0
2018-12-06 07:45:00,28.47,37.35,50.47,52.48,39.09,56.36,43.5,54.73,84.56,88.78,21.4,3.27,0
2018-12-06 07:50:00,28.45,37.36,50.47,52.49,39.09,56.34,43.55,54.73,84.14,87.26,21.84,3.31,0
2018-12-06 07:55:00,28.39,37.24,50.48,52.49,39.09,56.36,43.56,54.66,84.61,87.8,22.39,3.35,0
2018-12-06 08:00:00,28.39,37.24,50.51,52.47,39.09,56.35,43.54,54.71,86.79,90.77,23.3,3.32,0
2018-12-06 08:05:00,28.38,37.24,50.48,52.49,39.09,56.35,43.46,54.71,87.24,88.74,24.39,3.31,0
2018-12-06 08:10:00,28.38,37.28,50.48,52.55,39.09,56.37,43.47,54.72,91.94,87.45,23.71,3.34,0
2018-12-06 08:15:00,28.4,37.23,50.48,52.55,39.09,56.35,43.55,54.71,89.54,90.27,22.29,3.28,0
2018-12-06 08:20:00,28.34,37.2,50.51,52.59,39.09,56.38,43.55,54.69,82.39,91.28,20.16,3.25,0
2018-12-06 08:25:00,28.36,37.23,50.5,52.57,39.09,56.44,43.47,54.73,81.92,91.24,21.66,3.24,0
2018-12-06 08:30:00,28.43,37.34,50.49,52.53,39.09,56.42,43.44,54.75,82.64,89.08,20.83,3.26,0
2018-12-06 08:35:00,28.49,37.41,50.48,52.52,39.09,56.4,43.54,54.77,83.75,87.21,19.51,3.25,0
2018-12-06 08:40:00,28.45,37.4,50.47,52.57,39.09,56.41,43.58,54.77,78.09,81.21,20.94,3.29,0
2018-12-06 08:45:00,28.39,37.42,50.47,52.58,39.09,56.46,43.52,54.77,78.35,81.13,22.33,3.29,0
2018-12-06 08:50:00,28.48,37.43,50.46,52.63,39.09,56.45,43.52,54.82,78.62,82.92,23.88,3.25,0
2018-12-06 08:55:00,28.45,37.42,50.48,52.64,39.09,56.45,43.53,54.8,79.1,82.46,22.94,3.3,0
2018-12-06 09:00:00,28.45,37.42,50.49,52.65,39.09,56.42,43.55,54.79,82.11,77.68,24.83,3.35,0
2018-12-06 09:05:00,28.44,37.45,50.53,52.66,39.09,56.44,43.57,54.79,77.89,80.41,21.22,3.25,0
2018-12-06 09:10:00,28.47,37.45,50.53,52.63,39.09,56.44,43.59,54.8,76.27,78.28,21.31,3.23,0
2018-12-06 09:15:00,28.47,37.47,50.54,52.63,39.09,56.45,43.63,54.82,77.67,80.77,19.22,3.28,0
2018-12-06 09:20:00,28.54,37.55,50.54,52.65,39.09,56.48,43.65,54.83,76.14,76.41,18.12,3.29,0
2018-12-06 09:25:00,28.59,37.52,50.54,52.69,39.09,56.47,43.69,54.86,72.02,75.5,15.3,3.27,0
2018-12-06 09:30:00,28.54,37.43,50.59,52.69,39.09,56.48,43.67,54.88,69.16,75.3,15.7,3.29,0
2018-12-06 09:35:00,28.5,37.47,50.56,52.67,39.09,56.5,43.71,54.86,69.66,73.88,13.17,3.26,0
2018-12-06 09:40:00,28.5,37.61,50.58,52.67,39.09,56.48,43.71,54.85,66.72,77.2,17.96,3.21,0
2018-12-06 09:45:00,28.52,37.69,50.6,52.73,39.09,56.52,43.74,54.87,68.54,73.23,14.75,3.3,0
2018-12-06 09:50:00,28.59,37.67,50.57,52.76,39.09,56.51,43.77,54.87,69.54,70.84,11.75,3.22,0
2018-12-06 09:55:00,28.63,37.58,50.6,52.74,39.09,56.54,43.78,54.89,69.35,72.07,10.63,3.22,0
2018-12-06 10:00:00,28.72,37.59,50.61,52.72,39.09,56.56,43.8,54.87,65.41,72.91,9.26,3.26,0
2018-12-06 10:05:00,28.69,37.59,50.62,52.75,39.09,56.55,43.79,54.87,61.36,67.97,5.43,3.25,0
2018-12-06 10:10:00,28.66,37.55,50.63,52.76,39.09,56.56,43.78,54.87,61.87,65.6,6.0,3.31,0
2018-12-06 10:15:00,28.68,37.63,50.62,52.78,39.09,56.59,43.76,54.9,61.34,61.32,6.25,3.35,0
2018-12-06 10:20:00,28.63,37.62,50.63,52.8,39.09,56.56,43.75,54.94,60.04,63.86,8.04,3.33,0
2018-12-06 10:25:00,28.67,37.56,50.59,52.81,39.09,56.57,43.76,54.94,59.08,63.46,5.46,3.31,0
2018-12-06 10:30:00,28.68,37.62,50.58,52.88,39.09,56.57,43.79,54.97,63.14,64.37,4.84,3.23,0
2018-12-06 10:35:00,28.79,37.58,50.6,52.89,39.09,56.58,43.79,54.98,58.87,65.22,4.12,3.28,0
2018-12-06 10:40:00,28.78,37.58,50.66,52.92,39.09,56.58,43.84,55.01,56.61,63.32,5.35,3.24,0
2018-12-06 10:45:00,28.87,37.67,50.65,52.89,39.1,56.59,43.87,55.01,57.63,64.31,6.31,3.24,0
2018-12-06 10:50:00,28.87,37.7,50.62,52.88,39.09,56.6,43.8,54.98,58.61,60.66,3.76,3.28,0
2018-12-06 10:55:00,28.88,37.81,50.61,52.86,39.1,56.59,43.84,54.97,59.53,61.31,2.58,3.26,0
2018-12-06 11:00:00,28.88,37.72,50.6,52.85,39.1,56.61,43.85,54.97,57.13,63.33,5.69,3.22,0
2018-12-06 11:05:00,28.79,37.68,50.59,52.85,39.1,56.59,43.86,55.02,55.03,64.74,0.75,3.24,0
2018-12-06 11:10:00,28.86,37.77,50.59,52.82,39.1,56.61,43.88,55.0,52.78,62.9,0.0,3.31,0
2018-12-06 11:15:00,28.88,37.77,50.62,52.84,39.1,56.57,43.83,54.98,51.34,62.78,1.82,3.19,0
2018-12-06 11:20:00,28.87,37.72,50.67,52.85,39.1,56.58,43.86,54.97,56.94,59.74,1.17,3.2,0
2018-12-06 11:25:00,28.8,37.73,50.67,52.87,39.1,56.57,43.8,54.96,57.65,62.32,2.42,3.23,0
2018-12-06 11:30:00,28.74,37.73,50.7,52.86,39.1,56.6,43.8,54.98,55.81,61.41,0.0,3.21,0
2018-12-06 11:35:00,28.76,37.78,50.68,52.89,39.1,56.58,43.83,55.02,55.39,59.8,0.0,3.16,0
2018-12-06 11:40:00,28.82,37.79,50.67,52.88,39.1,56.59,43.88,54.98,52.44,56.85,0.0,3.12,0
2018-12-06 11:45:00,28.83,37.73,50.65,52.91,39.1,56.6,43.93,55.04,54.14,55.43,0.86,3.13,0
2018-12-06 11:50:00,28.85,37.76,50.62,52.91,39.1,56.66,43.91,55.06,55.08,55.98,1.52,3.15,0
2018-12-06 11:55:00,28.91,37.71,50.65,52.88,39.1,56.62,43.92,55.02,54.65,57.21,0.0,3.16,0
2018-12-06 12:00:00,28.93,37.69,50.66,52.86,39.09,56.64,43.89,55.06,52.35,56.35,0.0,3.16,0
2018-12-06 12:05:00,28.94,37.7,50.69,52.86,39.09,56.63,43.8,55.09,53.37,55.31,1.74,3.16,0
2018-12-06 12:10:00,28.94,37.7,50.65,52.9,39.09,56.6,43.8,55.05,53.17,57.71,2.76,3.14,0
2018-12-06 12:15:00,28.93,37.66,50.65,52.87,39.1,56.6,43.87,55.08,52.54,58.07,2.07,3.22,0
2018-12-06 12:20:00,28.93,37.73,50.63,52.92,39.1,56.61,43.86,55.08,52.26,55.45,0.0,3.19,0
2018-12-06 12:25:00,28.93,37.69,50.63,52.94,39.1,56.65,43.82,55.08,52.35,58.08,0.0,3.18,0
2018-12-06 12:30:00,28.93,37.76,50.61,52.94,39.1,56.64,43.87,55.09,55.17,58.48,0.0,3.17,0
2018-12-06 12:35:00,29.06,37.77,50.63,52.89,39.1,56.64,43.91,55.09,55.01,57.59,0.0,3.09,0
2018-12-06 12:40:00,28.99,37.72,50.65,52.88,39.1,56.62,43.91,55.05,52.48,56.25,0.0,3.08,0
2018-12-06 12:45:00,28.86,37.75,50.68,52.92,39.1,56.63,43.93,55.02,49.94,56.37,0.0,3.05,0
2018-12-06 12:50:00,28.81,37.78,50.67,52.93,39.1,56.64,43.87,55.02,54.25,58.15,1.28,3.14,0
2018-12-06 12:55:00,28.87,37.78,50.71,52.88,39.1,56.61,43.97,55.01,51.95,60.94,3.16,3.11,0
2018-12-06 13:00:00,28.89,37.79,50.7,52.9,39.1,56.62,43.96,55.01,51.5,60.95,0.0,3.11,0
2018-12-06 13:05:00,28.87,37.73,50.69,52.94,39.1,56.64,43.93,55.02,50.23,58.99,0.0,3.11,0
2018-12-06 13:10:00,28.88,37.74,50.67,52.97,39.1,56.68,43.98,55.03,51.3,56.86,0.0,3.06,0
2018-12-06 13:15:00,28.91,37.68,50.68,52.95,39.1,56.68,43.92,55.02,50.19,53.51,0.0,3.16,0
2018-12-06 13:20:00,28.92,37.67,50.68,52.89,39.1,56.71,43.92,55.0,51.98,54.98,0.0,3.16,0
2018-12-06 13:25:00,28.96,37.65,50.67,52.95,39.1,56.71,43.88,55.02,51.16,59.18,0.0,3.22,0
2018-12-06 13:30:00,29.01,37.68,50.68,52.91,39.1,56.7,43.86,55.02,49.61,58.56,0.0,3.18,0
2018-12-06 13:35:00,29.0,37.73,50.7,52.92,39.1,56.68,43.8,54.99,51.36,56.52,0.0,3.16,0
2018-12-06 13:40:00,28.96,37.76,50.69,52.87,39.1,56.7,43.82,55.0,53.77,57.23,0.0,3.11,0
2018-12-06 13:45:00,28.98,37.79,50.68,52.92,39.09,56.66,43.83,55.06,51.89,58.11,0.0,3.07,0
2018-12-06 13:50:00,28.91,37.79,50.69,52.92,39.1,56.66,43.83,55.04,50.09,56.97,0.0,3.05,0
2018-12-06 13:55:00,28.85,37.77,50.71,52.97,39.1,56.66,43.83,55.02,51.78,55.37,0.06,3.04,0
2018-12-06 14:00:00,28.8,37.79,50.73,52.93,39.1,56.68,43.91,54.99,53.34,55.67,0.0,3.07,0
2018-12-06 14:05:00,28.81,37.74,50.74,52.92,39.1,56.67,43.96,54.98,50.79,54.56,0.0,3.06,0
2018-12-06 14:10:00,28.78,37.73,50.74,52.84,39.1,56.62,43.92,55.0,51.58,55.72,0.0,3.02,0
2018-12-06 14:15:00,28.81,37.77,50.73,52.89,39.1,56.59,43.89,54.97,52.96,58.01,0.0,3.05,0
2018-12-06 14:20:00,28.85,37.86,50.7,52.87,39.1,56.58,43.88,55.0,56.8,54.82,0.0,3.07,0
2018-12-06 14:25:00,28.93,37.88,50.7,52.91,39.1,56.59,43.94,55.02,55.5,54.82,0.0,3.04,0
2018-12-06 14:30:00,28.89,37.84,50.69,52.88,39.1,56.62,43.91,55.02,57.27,56.34,0.0,3.01,0
2018-12-06 14:35:00,28.93,37.9,50.67,52.87,39.1,56.61,43.91,55.05,54.31,57.18,0.0,3.0,0
2018-12-06 14:40:00,28.92,37.85,50.69,52.89,39.1,56.6,43.84,55.07,50.84,59.49,0.0,2.97,0
2018-12-06 14:45:00,28.93,37.88,50.7,52.93,39.1,56.62,43.84,55.07,51.88,56.78,0.0,3.05,0
2018-12-06 14:50:00,28.98,37.87,50.7,52.9,39.1,56.61,43.84,55.01,51.7,61.45,0.0,3.01,0
2018-12-06 14:55:00,28.97,37.82,50.68,52.85,39.1,56.59,43.83,55.0,54.44,56.12,0.0,3.07,0
2018-12-06 15:00:00,28.9,37.79,50.69,52.9,39.1,56.6,43.81,55.0,52.25,59.79,0.0,3.08,0
2018-12-06 15:05:00,28.84,37.8,50.7,52.93,39.1,56.59,43.86,54.97,54.69,57.56,0.0,3.09,0
2018-12-06 15:10:00,28.78,37.74,50.65,52.88,39.1,56.6,43.9,55.03,56.34,55.58,0.0,3.12,0
2018-12-06 15:15:00,28.72,37.73,50.64,52.87,39.1,56.59,43.87,55.04,58.53,59.44,0.0,3.19,0
2018-12-06 15:20:00,28.74,37.73,50.64,52.86,39.1,56.61,43.84,55.02,57.7,57.39,0.0,3.2,0
2018-12-06 15:25:00,28.77,37.7,50.65,52.84,39.1,56.62,43.83,54.98,56.89,60.46,0.0,3.15,0
2018-12-06 15:30:00,28.79,37.72,50.67,52.88,39.1,56.61,43.83,54.97,62.95,56.64,0.0,3.09,0
2018-12-06 15:35:00,28.77,37.76,50.67,52.85,39.1,56.61,43.86,54.93,58.2,58.18,0.7,3.07,0
2018-12-06 15:40:00,28.71,37.72,50.69,52.82,39.1,56.59,43.89,54.94,57.17,59.25,1.31,3.12,0
2018-12-06 15:45:00,28.79,37.7,50.67,52.82,39.1,56.61,43.88,54.97,59.78,58.13,0.09,3.01,0
2018-12-06 15:50:00,28.77,37.74,50.66,52.78,39.09,56.63,43.84,54.95,57.09,58.48,1.24,3.05,0
2018-12-06 15:55:00,28.8,37.77,50.62,52.85,39.09,56.65,43.85,54.92,56.98,60.21,0.0,3.06,0
2018-12-06 16:00:00,28.76,37.84,50.62,52.89,39.09,56.58,43.85,54.95,59.43,63.78,0.0,3.03,0
2018-12-06 16:05:00,28.7,37.93,50.65,52.85,39.09,56.6,43.8,54.94,56.71,66.75,0.0,2.95,0
2018-12-06 16:10:00,28.7,37.84,50.65,52.86,39.1,56.61,43.77,54.99,54.72,63.91,0.0,2.99,0
2018-12-06 16:15:00,28.75,37.73,50.65,52.83,39.09,56.6,43.87,55.0,57.43,69.2,0.0,3.06,0
2018-12-06 16:20:00,28.68,37.68,50.62,52.82,39.09,56.59,43.86,54.97,57.97,69.39,0.8,2.99,0
2018-12-06 16:25:00,28.69,37.67,50.61,52.82,39.09,56.58,43.88,54.96,54.7,65.85,0.0,3.02,0
2018-12-06 16:30:00,28.7,37.68,50.64,52.79,39.09,56.58,43.88,54.97,52.5,64.72,0.0,3.01,0
2018-12-06 16:35:00,28.69,37.68,50.63,52.77,39.09,56.59,43.75,54.99,52.1,62.96,1.25,3.01,0
2018-12-06 16:40:00,28.65,37.7,50.63,52.77,39.09,56.61,43.76,55.0,53.76,64.84,0.33,3.01,0
2018-12-06 16:45:00,28.66,37.64,50.65,52.74,39.09,56.57,43.74,54.99,55.66,66.49,5.58,3.0,0
2018-12-06 16:50:00,28.64,37.68,50.62,52.81,39.09,56.59,43.74,54.97,58.44,65.86,7.02,3.04,0
2018-12-06 16:55:00,28.59,37.62,50.6,52.76,39.09,56.56,43.75,54.93,63.12,65.8,8.62,3.06,0
2018-12-06 17:00:00,28.67,37.6,50.6,52.8,39.09,56.53,43.68,54.91,59.25,64.87,7.53,3.1,0
2018-12-06 17:05:00,28.71,37.65,50.6,52.77,39.09,56.53,43.68,54.92,62.26,65.55,10.31,3.14,0
2018-12-06 17:10:00,28.66,37.71,50.59,52.71,39.09,56.54,43.67,54.91,63.08,67.57,12.26,3.1,0
2018-12-06 17:15:00,28.63,37.64,50.58,52.72,39.09,56.52,43.66,54.87,65.61,70.64,15.13,3.08,0
2018-12-06 17:20:00,28.62,37.64,50.6,52.66,39.09,56.52,43.74,54.88,68.26,72.99,13.56,3.15,0
2018-12-06 17:25:00,28.65,37.59,50.57,52.72,39.09,56.55,43.74,54.92,68.95,70.88,13.76,3.09,0
2018-12-06 17:30:00,28.69,37.62,50.57,52.67,39.09,56.59,43.73,54.82,69.9,73.06,11.48,3.12,0
2018-12-06 17:35:00,28.6,37.54,50.54,52.71,39.09,56.6,43.69,54.8,69.9,70.15,11.49,3.06,0
2018-12-06 17:40:00,28.63,37.46,50.52,52.73,39.09,56.59,43.7,54.81,70.58,75.05,10.15,2.99,0
2018-12-06 17:45:00,28.61,37.49,50.52,52.69,39.09,56.57,43.7,54.85,74.1,76.71,11.09,2.95,0
2018-12-06 17:50:00,28.58,37.54,50.51,52.69,39.09,56.55,43.67,54.84,71.25,77.39,12.62,2.95,0
2018-12-06 17:55:00,28.52,37.59,50.53,52.63,39.09,56.53,43.68,54.82,70.43,79.25,13.11,2.95,0
2018-12-06 18:00:00,28.51,37.55,50.53,52.65,39.09,56.54,43.65,54.81,72.55,81.66,15.2,2.95,0
2018-12-06 18:05:00,28.51,37.47,50.56,52.67,39.09,56.52,43.74,54.8,73.06,82.27,16.04,3.01,0
2018-12-06 18:10:00,28.49,37.52,50.58,52.65,39.09,56.48,43.71,54.8,75.53,83.61,15.11,3.03,0
2018-12-06 18:15:00,28.48,37.54,50.53,52.64,39.09,56.52,43.65,54.79,80.42,83.32,15.06,3.04,0
2018-12-06 18:20:00,28.53,37.47,50.52,52.6,39.09,56.49,43.59,54.79,80.19,85.57,16.34,3.05,0
2018-12-06 18:25:00,28.53,37.37,50.5,52.6,39.09,56.47,43.59,54.75,76.74,84.58,15.44,3.02,0
2018-12-06 18:30:00,28.55,37.4,50.51,52.62,39.09,56.46,43.63,54.75,75.15,83.19,18.06,3.04,0
2018-12-06 18:35:00,28.47,37.43,50.5,52.66,39.09,56.47,43.62,54.75,79.8,80.7,18.81,3.03,0
2018-12-06 18:40:00,28.45,37.45,50.51,52.61,39.09,56.42,43.56,54.76,82.06,82.36,17.71,3.05,0
2018-12-06 18:45:00,28.44,37.45,50.54,52.58,39.09,56.41,43.61,54.77,81.21,82.51,15.97,3.08,0
2018-12-06 18:50:00,28.47,37.46,50.56,52.65,39.09,56.41,43.65,54.83,78.92,82.04,18.75,3.05,0
2018-12-06 18:55:00,28.48,37.48,50.53,52.64,39.09,56.42,43.65,54.79,76.32,85.4,18.86,3.04,0
2018-12-06 19:00:00,28.51,37.47,50.51,52.63,39.09,56.46,43.64,54.77,76.8,82.8,18.54,3.13,0
2018-12-06 19:05:00,28.56,37.44,50.52,52.64,39.09,56.44,43.68,54.73,78.39,82.93,20.25,3.07,0
2018-12-06 19:10:00,28.55,37.51,50.54,52.63,39.09,56.46,43.65,54.77,75.79,81.48,19.87,3.07,0
2018-12-06 19:15:00,28.53,37.47,50.48,52.67,39.09,56.42,43.6,54.76,75.74,80.52,21.49,3.09,0
2018-12-06 19:20:00,28.51,37.47,50.5,52.63,39.09,56.45,43.58,54.74,76.8,79.87,23.04,3.15,0
2018-12-06 19:25:00,28.43,37.44,50.52,52.58,39.09,56.43,43.58,54.73,76.77,81.54,20.78,3.21,0
2018-12-06 19:30:00,28.4,37.44,50.51,52.59,39.09,56.38,43.62,54.76,73.82,79.49,19.61,3.16,0
2018-12-06 19:35:00,28.37,37.45,50.52,52.6,39.09,56.39,43.66,54.74,75.19,76.64,15.64,3.14,0
2018-12-06 19:40:00,28.39,37.38,50.52,52.64,39.09,56.45,43.66,54.8,79.08,82.26,15.53,3.1,0
2018-12-06 19:45:00,28.42,37.36,50.55,52.68,39.09,56.45,43.62,54.81,77.13,80.25,15.83,3.09,0
2018-12-06 19:50:00,28.53,37.36,50.58,52.71,39.09,56.46,43.66,54.82,76.87,76.45,16.24,3.1,0
2018-12-06 19:55:00,28.54,37.42,50.59,52.69,39.09,56.47,43.59,54.87,75.31,78.1,18.19,3.11,0
2018-12-06 20:00:00,28.56,37.4,50.59,52.71,39.09,56.49,43.63,54.85,76.57,77.88,17.27,3.01,0
2018-12-06 20:05:00,28.54,37.36,50.6,52.69,39.09,56.47,43.62,54.83,77.72,77.66,17.15,3.03,0
2018-12-06 20:10:00,28.55,37.41,50.57,52.67,39.09,56.45,43.63,54.84,77.37,73.88,17.19,3.04,0
2018-12-06 20:15:00,28.48,37.41,50.57,52.68,39.09,56.45,43.62,54.88,81.61,73.72,13.92,3.0,0
2018-12-06 20:20:00,28.55,37.45,50.56,52.7,39.09,56.45,43.69,54.9,75.17,73.26,8.0,2.99,0
2018-12-06 20:25:00,28.56,37.53,50.53,52.72,39.09,56.5,43.67,54.9,72.76,76.82,7.09,3.01,0
2018-12-06 20:30:00,28.54,37.56,50.54,52.75,39.09,56.52,43.68,54.89,72.95,74.12,5.2,2.99,0
2018-12-06 20:35:00,28.57,37.63,50.58,52.7,39.09,56.53,43.72,54.92,69.42,75.0,6.86,2.96,0
2018-12-06 20:40:00,28.63,37.59,50.59,52.71,39.09,56.57,43.69,54.92,69.18,70.18,9.37,2.96,0
2018-12-06 20:45:00,28.68,37.62,50.59,52.76,39.09,56.54,43.66,54.95,69.25,67.24,8.88,2.98,0
2018-12-06 20:50:00,28.76,37.57,50.61,52.73,39.09,56.57,43.77,54.98,65.89,66.5,6.73,3.0,0
2018-12-06 20:55:00,28.74,37.6,50.64,52.78,39.09,56.55,43.79,54.98,69.33,67.98,4.32,3.03,0
2018-12-06 21:00:00,28.69,37.61,50.65,52.75,39.09,56.58,43.78,54.97,68.08,68.73,2.97,3.05,0
2018-12-06 21:05:00,28.72,37.62,50.65,52.79,39.09,56.55,43.79,54.99,66.11,68.49,4.17,3.1,0
2018-12-06 21:10:00,28.77,37.66,50.65,52.8,39.09,56.56,43.84,54.98,67.53,63.06,4.18,3.17,0
2018-12-06 21:15:00,28.79,37.67,50.65,52.78,39.09,56.57,43.81,54.98,67.41,66.39,5.2,3.12,0
2018-12-06 21:20:00,28.79,37.65,50.68,52.83,39.1,56.57,43.83,55.0,66.59,64.21,4.12,3.2,0
2018-12-06 21:25:00,28.81,37.67,50.68,52.85,39.1,56.57,43.84,55.0,64.46,66.39,1.26,3.11,0
2018-12-06 21:30:00,28.79,37.71,50.7,52.82,39.1,56.6,43.85,54.98,62.46,62.92,0.0,3.12,0
2018-12-06 21:35:00,28.79,37.8,50.71,52.79,39.1,56.59,43.89,55.04,61.88,60.88,1.37,3.14,0
2018-12-06 21:40:00,28.81,37.89,50.68,52.79,39.1,56.62,43.82,55.03,60.72,60.91,0.72,3.12,0
2018-12-06 21:45:00,28.7,37.81,50.69,52.8,39.1,56.66,43.8,55.01,58.78,62.54,0.47,3.12,0
2018-12-06 21:50:00,28.7,37.78,50.67,52.81,39.09,56.61,43.89,55.02,56.75,60.27,0.0,3.13,0
2018-12-06 21:55:00,28.68,37.79,50.66,52.87,39.1,56.64,43.92,55.0,58.57,56.45,0.0,3.13,0
2018-12-06 22:00:00,28.67,37.81,50.63,52.87,39.1,56.63,43.94,55.0,59.71,61.6,0.0,3.1,0
2018-12-06 22:05:00,28.66,37.81,50.67,52.87,39.1,56.62,43.93,55.0,53.05,61.38,0.0,3.09,0
2018-12-06 22:10:00,28.71,37.78,50.66,52.86,39.1,56.63,43.83,55.03,53.07,65.0,1.09,3.09,0
2018-12-06 22:15:00,28.77,37.79,50.67,52.83,39.1,56.58,43.8,55.02,51.05,64.75,2.23,3.13,0
2018-12-06 22:20:00,28.74,37.86,50.65,52.83,39.1,56.61,43.86,54.96,52.57,63.65,2.55,3.16,0
2018-12-06 22:25:00,28.73,37.8,50.66,52.8,39.09,56.63,43.89,54.95,52.09,61.82,0.0,3.2,0
2018-12-06 22:30:00,28.78,37.8,50.66,52.83,39.09,56.66,43.93,55.01,49.13,60.14,0.33,3.17,0
2018-12-06 22:35:00,28.84,37.75,50.67,52.83,39.09,56.65,43.92,55.0,51.33,56.79,0.0,3.15,0
2018-12-06 22:40:00,28.86,37.73,50.67,52.82,39.1,56.69,43.9,55.06,50.63,54.64,0.0,3.16,0
2018-12-06 22:45:00,28.9,37.75,50.68,52.83,39.1,56.67,43.86,55.03,51.37,54.04,0.0,3.19,0
2018-12-06 22:50:00,28.87,37.78,50.67,52.9,39.1,56.64,43.87,54.97,54.94,58.36,0.0,3.09,0
2018-12-06 22:55:00,28.9,37.71,50.68,52.93,39.1,56.66,43.87,54.95,54.03,54.72,0.9,3.14,0
2018-12-06 23:00:00,28.87,37.73,50.69,52.9,39.1,56.68,43.91,55.01,53.38,52.05,0.18,3.09,0
2018-12-06 23:05:00,28.88,37.69,50.68,52.91,39.1,56.66,43.92,54.97,52.8,55.35,0.0,3.08,0
2018-12-06 23:10:00,28.82,37.79,50.71,52.94,39.1,56.66,43.94,54.99,52.95,57.44,0.0,3.07,0
2018-12-06 23:15:00,28.89,37.78,50.72,52.9,39.1,56.65,43.93,54.96,52.04,52.89,0.0,3.13,0
2018-12-06 23:20:00,28.95,37.84,50.74,52.9,39.1,56.63,43.92,55.0,53.26,53.72,0.0,3.13,0
2018-12-06 23:25:00,28.93,37.83,50.73,52.9,39.1,56.64,43.91,55.04,53.87,53.28,0.0,3.15,0
2018-12-06 23:30:00,28.98,37.83,50.7,52.9,39.1,56.62,43.82,55.02,54.37,55.65,0.0,3.17,0
2018-12-06 23:35:00,28.96,37.83,50.66,52.88,39.1,56.63,43.83,54.97,53.22,56.07,0.0,3.14,0
2018-12-06 23:40:00,28.93,37.82,50.69,52.87,39.1,56.65,43.88,54.97,55.99,54.29,0.0,3.14,0
2018-12-06 23:45:00,28.89,37.75,50.68,52.93,39.1,56.64,43.84,54.95,57.41,56.79,1.72,3.1,0
2018-12-06 23:50:00,28.96,37.69,50.67,52.92,39.1,56.66,43.82,55.01,59.17,53.94,0.0,3.11,0
2018-12-06 23:55:00,28.92,37.76,50.63,52.93,39.1,56.62,43.89,55.0,57.77,59.66,1.35,3.19,0
2018-12-07 00:00:00,28.9,37.77,50.64,52.91,39.1,56.61,43.83,55.0,54.51,54.64,0.0,3.21,0
2018-12-07 00:05:00,28.93,37.77,50.63,52.96,39.1,56.63,43.88,55.04,58.14,58.3,0.0,3.15,0
2018-12-07 00:10:00,28.92,37.72,50.65,52.94,39.1,56.64,43.9,55.06,58.68,56.22,0.0,3.21,0
2018-12-07 00:15:00,28.89,37.68,50.66,53.0,39.1,56.64,43.9,55.03,59.69,54.46,0.0,3.22,0
2018-12-07 00:20:00,28.92,37.76,50.68,52.95,39.1,56.67,43.88,55.0,58.38,54.87,0.0,3.24,0
2018-12-07 00:25:00,28.84,37.75,50.64,52.98,39.1,56.68,43.85,55.04,55.46,53.42,0.0,3.2,0
2018-12-07 00:30:00,28.84,37.72,50.65,53.02,39.1,56.62,43.85,55.01,50.63,54.22,0.0,3.23,0
2018-12-07 00:35:00,28.85,37.79,50.67,53.0,39.1,56.63,43.88,54.99,49.28,55.25,0.0,3.18,0
2018-12-07 00:40:00,28.84,37.76,50.68,52.93,39.1,56.63,43.85,55.01,49.04,56.27,0.0,3.23,0
2018-12-07 00:45:00,28.88,37.78,50.68,52.99,39.1,56.6,43.89,55.02,48.56,57.56,0.0,3.21,0
2018-12-07 00:50:00,28.84,37.77,50.67,52.97,39.1,56.61,43.92,55.0,52.34,56.47,0.0,3.12,0
2018-12-07 00:55:00,28.84,37.8,50.67,52.96,39.1,56.64,43.93,55.03,55.18,53.32,0.0,3.19,0
2018-12-07 01:00:00,28.95,37.86,50.68,52.89,39.1,56.64,43.93,55.04,57.86,51.49,0.0,3.16,0
2018-12-07 01:05:00,28.95,37.88,50.68,52.92,39.1,56.62,43.92,55.04,55.15,50.03,0.0,3.18,0
2018-12-07 01:10:00,28.97,37.8,50.68,52.93,39.1,56.66,43.94,55.05,52.81,55.61,0.0,3.22,0
2018-12-07 01:15:00,28.93,37.76,50.67,53.01,39.1,56.67,43.97,55.01,54.14,52.79,0.0,3.26,0
2018-12-07 01:20:00,28.97,37.76,50.7,52.95,39.09,56.67,43.92,55.03,55.94,54.27,1.61,3.29,0
2018-12-07 01:25:00,28.87,37.83,50.71,52.92,39.09,56.65,43.9,55.01,52.83,57.39,2.79,3.3,0
2018-12-07 01:30:00,28.91,37.81,50.7,52.92,39.09,56.62,43.95,55.09,55.97,59.06,1.52,3.34,0
2018-12-07 01:35:00,28.89,37.82,50.69,52.9,39.09,56.62,43.94,55.11,53.02,60.5,0.0,3.31,0
2018-12-07 01:40:00,28.85,37.75,50.67,52.84,39.09,56.68,43.9,55.1,53.74,61.91,0.0,3.27,0
2018-12-07 01:45:00,28.82,37.7,50.68,52.85,39.09,56.64,43.93,55.03,52.16,60.84,0.0,3.22,0
2018-12-07 01:50:00,28.83,37.73,50.67,52.88,39.09,56.67,43.98,55.06,54.06,60.63,1.46,3.22,0
2018-12-07 01:55:00,28.88,37.7,50.67,52.9,39.09,56.66,43.96,55.05,52.73,59.24,2.38,3.26,0
2018-12-07 02:00:00,28.82,37.69,50.66,52.94,39.1,56.71,43.96,55.01,51.88,57.65,0.0,3.3,0
2018-12-07 02:05:00,28.9,37.64,50.69,52.92,39.1,56.67,43.94,55.01,50.35,51.27,0.0,3.3,0
2018-12-07 02:10:00,28.84,37.62,50.7,52.93,39.1,56.67,43.91,55.04,45.95,55.22,0.0,3.22,0
2018-12-07 02:15:00,28.83,37.71,50.7,52.95,39.1,56.65,43.91,55.02,45.72,55.09,0.0,3.17,0
2018-12-07 02:20:00,28.82,37.71,50.68,52.93,39.1,56.65,43.92,55.01,46.38,53.22,0.0,3.19,0
2018-12-07 02:25:00,28.83,37.71,50.69,52.9,39.1,56.67,43.92,55.03,46.04,55.75,0.0,3.29,0
2018-12-07 02:30:00,28.81,37.73,50.69,52.93,39.1,56.68,43.89,55.04,47.02,58.63,0.0,3.25,0
2018-12-07 02:35:00,28.8,37.75,50.69,52.93,39.1,56.68,43.93,55.06,48.6,57.43,0.0,3.23,0
2018-12-07 02:40:00,28.77,37.83,50.73,52.98,39.1,56.68,43.91,55.08,52.91,57.58,0.0,3.29,0
2018-12-07 02:45:00,28.8,37.8,50.74,52.9,39.1,56.68,43.93,55.06,53.27,59.15,0.0,3.26,0
2018-12-07 02:50:00,28.76,37.83,50.71,52.91,39.1,56.66,43.96,55.06,53.12,62.7,0.0,3.36,0
2018-12-07 02:55:00,28.78,37.84,50.69,52.91,39.1,56.63,43.96,55.04,53.22,59.57,0.0,3.27,0
2018-12-07 03:00:00,28.76,37.75,50.71,52.9,39.1,56.57,43.9,55.05,50.19,58.66,0.0,3.25,0
2018-12-07 03:05:00,28.74,37.77,50.7,52.86,39.1,56.58,43.87,55.02,51.25,57.81,0.0,3.3,0
2018-12-07 03:10:00,28.75,37.75,50.71,52.85,39.1,56.62,43.84,55.05,54.1,61.14,0.0,3.3,0
2018-12-07 03:15:00,28.74,37.75,50.67,52.87,39.1,56.62,43.82,55.04,56.88,60.37,0.0,3.31,0
2018-12-07 03:20:00,28.79,37.73,50.66,52.84,39.1,56.63,43.84,55.06,55.35,62.02,0.0,3.27,0
2018-12-07 03:25:00,28.79,37.8,50.68,52.93,39.1,56.67,43.81,55.09,56.04,58.06,0.0,3.28,0
2018-12-07 03:30:00,28.86,37.81,50.67,52.95,39.1,56.68,43.83,55.04,56.76,57.21,0.0,3.28,0
2018-12-07 03:35:00,28.83,37.81,50.65,52.89,39.1,56.67,43.89,55.02,55.49,55.89,0.0,3.27,0
2018-12-07 03:40:00,28.83,37.74,50.66,52.94,39.1,56.64,43.9,55.01,56.48,54.6,0.0,3.38,0
2018-12-07 03:45:00,28.81,37.78,50.67,52.94,39.09,56.64,43.89,55.04,54.34,54.57,0.0,3.32,0
2018-12-07 03:50:00,28.82,37.8,50.62,52.88,39.1,56.63,43.94,55.04,53.03,54.02,0.0,3.18,0
2018-12-07 03:55:00,28.82,37.73,50.63,52.87,39.09,56.63,43.95,55.06,52.29,55.17,1.17,3.22,0
2018-12-07 04:00:00,28.83,37.68,50.62,52.9,39.1,56.62,43.9,54.99,55.86,53.78,0.0,3.13,0
2018-12-07 04:05:00,28.86,37.74,50.64,52.91,39.1,56.66,43.91,54.99,55.81,59.11,0.0,3.2,0
2018-12-07 04:10:00,28.85,37.75,50.65,52.89,39.1,56.66,43.88,54.98,54.58,56.3,0.0,3.27,0
2018-12-07 04:15:00,28.86,37.78,50.64,52.89,39.1,56.6,43.89,55.0,53.67,57.02,0.0,3.27,0
2018-12-07 04:20:00,28.9,37.73,50.67,52.93,39.1,56.6,43.82,54.99,55.41,57.3,0.0,3.29,0
2018-12-07 04:25:00,28.86,37.76,50.68,52.9,39.1,56.59,43.83,54.99,58.78,56.13,0.0,3.23,0
2018-12-07 04:30:00,28.9,37.72,50.68,52.83,39.1,56.61,43.89,54.97,58.23,59.41,0.0,3.25,0
2018-12-07 04:35:00,28.88,37.76,50.7,52.85,39.1,56.63,43.92,54.99,60.03,62.69,0.0,3.28,0
2018-12-07 04:40:00,28.75,37.83,50.71,52.86,39.1,56.62,43.88,55.01,56.64,61.72,0.0,3.23,0
2018-12-07 04:45:00,28.77,37.78,50.71,52.93,39.1,56.64,43.83,55.01,56.27,60.46,0.0,3.27,0
2018-12-07 04:50:00,28.84,37.77,50.7,52.96,39.1,56.67,43.76,55.05,55.61,60.8,0.0,3.31,0
2018-12-07 04:55:00,28.85,37.72,50.71,52.95,39.1,56.64,43.79,55.01,54.78,58.11,1.85,3.35,0
2018-12-07 05:00:00,28.82,37.79,50.69,52.86,39.1,56.63,43.81,55.03,55.41,60.61,0.0,3.34,0
2018-12-07 05:05:00,28.79,37.7,50.69,52.89,39.1,56.6,43.8,55.02,58.26,58.26,0.0,3.31,0
2018-12-07 05:10:00,28.85,37.69,50.67,52.91,39.1,56.61,43.89,55.02,57.66,57.05,0.0,3.3,0
2018-12-07 05:15:00,28.82,37.67,50.63,52.91,39.09,56.59,43.86,55.0,57.32,60.59,0.0,3.32,0
2018-12-07 05:20:00,28.75,37.7,50.65,52.9,39.1,56.6,43.84,54.95,58.59,63.85,0.0,3.36,0
2018-12-07 05:25:00,28.75,37.71,50.63,52.91,39.09,56.56,43.77,54.92,58.22,67.48,0.0,3.33,0
2018-12-07 05:30:00,28.7,37.64,50.6,52.83,39.09,56.58,43.77,54.94,60.48,70.51,0.85,3.38,0
2018-12-07 05:35:00,28.61,37.62,50.6,52.82,39.09,56.51,43.72,54.93,62.26,70.77,1.44,3.33,0
2018-12-07 05:40:00,28.63,37.53,50.63,52.81,39.09,56.52,43.68,54.94,62.01,70.12,0.23,3.31,0
2018-12-07 05:45:00,28.65,37.6,50.62,52.77,39.09,56.52,43.65,54.98,63.25,70.35,5.55,3.34,0
2018-12-07 05:50:00,28.64,37.56,50.63,52.75,39.09,56.51,43.68,54.95,64.29,71.2,7.87,3.29,0
2018-12-07 05:55:00,28.63,37.57,50.61,52.68,39.09,56.51,43.71,54.9,65.47,73.18,4.81,3.28,0
2018-12-07 06:00:00,28.64,37.52,50.55,52.74,39.09,56.52,43.75,54.87,64.92,75.69,6.31,3.32,0
2018-12-07 06:05:00,28.6,37.51,50.59,52.74,39.09,56.54,43.68,54.88,61.85,76.93,8.98,3.4,0
2018-12-07 06:10:00,28.56,37.45,50.59,52.69,39.09,56.53,43.71,54.89,64.9,76.88,8.61,3.42,0
2018-12-07 06:15:00,28.51,37.56,50.6,52.72,39.09,56.52,43.73,54.86,68.48,75.46,10.09,3.38,0
2018-12-07 06:20:00,28.51,37.58,50.62,52.71,39.09,56.51,43.68,54.86,69.85,71.95,13.94,3.4,0
2018-12-07 06:25:00,28.54,37.57,50.59,52.7,39.09,56.5,43.74,54.82,69.61,73.56,11.72,3.29,0
2018-12-07 06:30:00,28.44,37.54,50.58,52.68,39.09,56.5,43.73,54.81,68.55,77.59,7.98,3.27,0
2018-12-07 06:35:00,28.49,37.53,50.58,52.66,39.09,56.5,43.69,54.84,71.45,81.6,7.62,3.39,0
2018-12-07 06:40:00,28.48,37.5,50.59,52.65,39.09,56.49,43.63,54.86,70.65,80.28,9.55,3.45,0
2018-12-07 06:45:00,28.46,37.48,50.57,52.66,39.09,56.48,43.61,54.85,71.08,82.31,13.99,3.43,0
2018-12-07 06:50:00,28.53,37.41,50.56,52.71,39.09,56.47,43.61,54.86,73.15,82.96,12.99,3.36,0
2018-12-07 06:55:00,28.56,37.43,50.53,52.71,39.09,56.49,43.63,54.89,73.24,81.17,12.61,3.33,0
2018-12-07 07:00:00,28.55,37.34,50.53,52.66,39.09,56.4,43.65,54.9,74.27,80.37,16.65,3.31,0
2018-12-07 07:05:00,28.47,37.36,50.54,52.64,39.09,56.42,43.6,54.88,76.99,82.42,16.97,3.32,0
2018-12-07 07:10:00,28.51,37.33,50.52,52.62,39.09,56.4,43.58,54.88,78.21,80.61,17.59,3.3,0
2018-12-07 07:15:00,28.44,37.38,50.54,52.62,39.09,56.39,43.54,54.84,79.56,81.17,16.56,3.34,0
2018-12-07 07:20:00,28.42,37.39,50.47,52.6,39.09,56.34,43.5,54.82,83.3,84.62,16.74,3.33,0
2018-12-07 07:25:00,28.43,37.41,50.44,52.58,39.09,56.38,43.52,54.82,84.24,86.48,20.2,3.29,0
2018-12-07 07:30:00,28.33,37.33,50.44,52.58,39.09,56.37,43.49,54.85,86.05,92.08,21.91,3.34,0
2018-12-07 07:35:00,28.36,37.33,50.49,52.57,39.09,56.39,43.54,54.81,82.99,86.47,21.51,3.31,0
2018-12-07 07:40:00,28.33,37.33,50.46,52.59,39.09,56.39,43.52,54.78,86.32,86.04,24.15,3.32,0
2018-12-07 07:45:00,28.33,37.34,50.45,52.57,39.09,56.39,43.52,54.76,86.77,84.18,26.44,3.31,0
2018-12-07 07:50:00,28.3,37.34,50.45,52.5,39.09,56.4,43.51,54.74,83.98,82.93,26.96,3.33,0
2018-12-07 07:55:00,28.37,37.29,50.45,52.53,39.09,56.41,43.54,54.78,80.47,83.28,24.3,3.24,0
2018-12-07 08:00:00,28.36,37.26,50.46,52.56,39.09,56.38,43.53,54.78,81.63,83.31,27.0,3.28,0
2018-12-07 08:05:00,28.37,37.19,50.49,52.53,39.09,56.39,43.51,54.8,77.97,86.41,27.3,3.25,0
2018-12-07 08:10:00,28.45,37.18,50.47,52.54,39.09,56.35,43.6,54.75,80.31,86.6,25.9,3.2,0
2018-12-07 08:15:00,28.48,37.22,50.47,52.57,39.09,56.37,43.53,54.74,84.86,87.72,23.71,3.22,0
2018-12-07 08:20:00,28.46,37.26,50.49,52.55,39.09,56.36,43.5,54.73,80.41,86.32,24.3,3.16,0
2018-12-07 08:25:00,28.42,37.23,50.5,52.55,39.09,56.35,43.49,54.66,78.15,87.01,23.79,3.27,0
2018-12-07 08:30:00,28.4,37.27,50.51,52.54,39.09,56.36,43.47,54.71,76.03,88.6,21.51,3.27,0
2018-12-07 08:35:00,28.43,37.32,50.51,52.56,39.09,56.37,43.55,54.74,73.02,88.66,21.55,3.28,0
2018-12-07 08:40:00,28.4,37.37,50.46,52.55,39.09,56.41,43.53,54.77,71.15,87.84,24.33,3.29,0
2018-12-07 08:45:00,28.34,37.28,50.46,52.59,39.09,56.43,43.56,54.83,72.6,85.61,21.84,3.28,0
2018-12-07 08:50:00,28.35,37.29,50.48,52.65,39.09,56.44,43.59,54.82,72.34,86.84,20.9,3.3,0
2018-12-07 08:55:00,28.42,37.39,50.51,52.68,39.09,56.47,43.62,54.79,75.18,87.03,20.21,3.33,0
2018-12-07 09:00:00,28.42,37.35,50.5,52.63,39.09,56.43,43.7,54.82,76.98,81.77,16.15,3.31,0
2018-12-07 09:05:00,28.5,37.36,50.49,52.65,39.09,56.44,43.68,54.81,78.18,79.75,16.74,3.26,0
2018-12-07 09:10:00,28.49,37.43,50.5,52.64,39.09,56.43,43.68,54.85,79.78,77.28,17.02,3.24,0
2018-12-07 09:15:00,28.5,37.47,50.52,52.66,39.09,56.45,43.72,54.87,77.31,75.48,16.02,3.19,0
2018-12-07 09:20:00,28.49,37.51,50.49,52.65,39.09,56.45,43.73,54.82,74.47,77.91,15.97,3.21,0
2018-12-07 09:25:00,28.52,37.49,50.5,52.67,39.09,56.48,43.76,54.85,69.29,73.53,14.45,3.2,0
2018-12-07 09:30:00,28.5,37.45,50.52,52.66,39.09,56.49,43.69,54.86,69.76,71.37,12.14,3.3,0
2018-12-07 09:35:00,28.59,37.53,50.55,52.68,39.09,56.47,43.66,54.89,67.38,71.57,11.9,3.23,0
2018-12-07 09:40:00,28.65,37.5,50.57,52.73,39.09,56.5,43.67,54.89,65.81,73.23,10.76,3.27,0
2018-12-07 09:45:00,28.6,37.56,50.59,52.79,39.09,56.5,43.67,54.87,63.82,67.81,7.69,3.25,0
2018-12-07 09:50:00,28.66,37.62,50.57,52.78,39.09,56.53,43.72,54.89,64.37,65.52,6.55,3.26,0
2018-12-07 09:55:00,28.73,37.58,50.56,52.81,39.09,56.54,43.69,54.91,65.44,69.34,9.19,3.26,0
2018-12-07 10:00:00,28.74,37.58,50.57,52.8,39.09,56.56,43.66,54.92,63.11,65.22,6.52,3.28,0
2018-12-07 10:05:00,28.79,37.66,50.62,52.81,39.09,56.54,43.71,54.95,62.28,62.41,8.21,3.29,0
2018-12-07 10:10:00,28.77,37.7,50.61,52.82,39.09,56.58,43.78,54.91,63.12,63.72,10.59,3.28,0
2018-12-07 10:15:00,28.79,37.71,50.64,52.82,39.1,56.55,43.76,54.93,64.2,64.67,7.02,3.28,0
2018-12-07 10:20:00,28.8,37.71,50.69,52.82,39.1,56.55,43.8,55.01,60.78,63.86,6.63,3.19,0
2018-12-07 10:25:00,28.75,37.68,50.68,52.84,39.1,56.58,43.8,55.03,58.18,68.0,3.43,3.2,0
2018-12-07 10:30:00,28.79,37.74,50.67,52.88,39.1,56.59,43.79,55.02,57.2,64.83,2.65,3.22,0
2018-12-07 10:35:00,28.8,37.69,50.65,52.82,39.1,56.58,43.75,55.04,54.4,64.43,3.04,3.25,0
2018-12-07 10:40:00,28.75,37.74,50.65,52.8,39.1,56.58,43.82,55.03,59.56,67.97,3.33,3.31,0
2018-12-07 10:45:00,28.7,37.74,50.69,52.8,39.1,56.63,43.82,55.02,58.47,64.29,4.34,3.4,0
2018-12-07 10:50:00,28.74,37.67,50.67,52.8,39.09,56.6,43.83,54.93,57.19,61.05,3.6,3.35,0
2018-12-07 10:55:00,28.75,37.74,50.64,52.82,39.1,56.56,43.81,54.99,54.51,62.73,5.5,3.26,0
2018-12-07 11:00:00,28.72,37.79,50.66,52.84,39.1,56.6,43.8,55.03,55.13,60.53,3.76,3.34,0
2018-12-07 11:05:00,28.8,37.76,50.68,52.83,39.09,56.61,43.82,55.06,54.34,60.29,1.58,3.3,0
2018-12-07 11:10:00,28.83,37.74,50.66,52.84,39.09,56.64,43.83,55.03,54.27,60.87,2.35,3.21,0
2018-12-07 11:15:00,28.85,37.75,50.64,52.92,39.09,56.62,43.79,55.05,61.94,62.63,0.0,3.23,0
2018-12-07 11:20:00,28.85,37.71,50.64,52.94,39.1,56.62,43.81,55.02,62.92,65.14,0.0,3.28,0
2018-12-07 11:25:00,28.79,37.73,50.66,52.9,39.1,56.64,43.79,55.02,60.39,66.15,0.0,3.24,0
2018-12-07 11:30:00,28.76,37.75,50.66,52.9,39.1,56.63,43.82,55.0,60.26,63.81,0.0,3.22,0
2018-12-07 11:35:00,28.84,37.75,50.66,52.88,39.1,56.6,43.85,55.03,55.91,65.37,0.0,3.21,0
2018-12-07 11:40:00,28.85,37.76,50.64,52.89,39.1,56.61,43.91,55.04,56.14,62.61,0.0,3.27,0
2018-12-07 11:45:00,28.8,37.75,50.64,52.89,39.1,56.58,43.9,54.99,53.91,64.92,0.0,3.28,0
2018-12-07 11:50:00,28.81,37.72,50.63,52.91,39.1,56.58,43.9,54.97,51.67,60.47,0.0,3.3,0
2018-12-07 11:55:00,28.84,37.73,50.65,52.93,39.1,56.55,43.86,55.0,53.31,58.03,0.0,3.29,0
2018-12-07 12:00:00,28.82,37.83,50.68,52.89,39.1,56.55,43.91,54.98,55.64,55.93,0.0,3.3,0
2018-12-07 12:05:00,28.84,37.78,50.69,52.89,39.1,56.52,43.88,55.01,55.87,59.07,0.0,3.25,0
2018-12-07 12:10:00,28.89,37.77,50.68,52.84,39.1,56.53,43.92,55.01,56.12,58.5,0.0,3.32,0
2018-12-07 12:15:00,28.95,37.71,50.67,52.89,39.1,56.54,43.94,54.98,53.13,57.42,0.0,3.3,0
2018-12-07 12:20:00,28.85,37.71,50.68,52.88,39.1,56.55,43.9,55.0,56.79,54.82,0.0,3.27,0
2018-12-07 12:25:00,28.89,37.75,50.65,52.88,39.1,56.56,43.97,55.03,54.86,53.68,0.0,3.2,0
2018-12-07 12:30:00,28.9,37.69,50.64,52.77,39.09,56.56,43.97,55.03,54.85,56.63,0.0,3.19,0
2018-12-07 12:35:00,28.9,37.72,50.68,52.83,39.1,56.58,43.91,55.05,55.74,53.89,0.0,3.19,0
2018-12-07 12:40:00,28.85,37.68,50.66,52.87,39.1,56.6,43.9,55.05,52.76,53.67,0.0,3.16,0
2018-12-07 12:45:00,28.87,37.73,50.65,52.88,39.1,56.63,43.92,55.09,56.27,56.57,0.0,3.11,0
2018-12-07 12:50:00,28.84,37.7,50.66,52.82,39.1,56.62,43.96,55.04,56.05,59.9,0.0,3.11,0
2018-12-07 12:55:00,28.87,37.74,50.66,52.79,39.1,56.63,43.94,55.1,51.71,61.57,0.0,3.13,0
2018-12-07 13:00:00,28.88,37.8,50.67,52.84,39.1,56.64,43.94,55.06,49.79,61.59,0.0,3.11,0
2018-12-07 13:05:00,28.93,37.77,50.64,52.84,39.1,56.61,43.9,55.08,53.36,62.73,0.0,3.08,0
2018-12-07 13:10:00,28.94,37.81,50.67,52.86,39.1,56.63,43.93,55.07,56.27,59.38,0.0,3.1,0
2018-12-07 13:15:00,28.84,37.73,50.69,52.89,39.1,56.59,43.91,55.07,52.07,61.44,0.0,3.06,0
2018-12-07 13:20:00,28.84,37.73,50.71,52.91,39.1,56.61,43.94,55.08,49.98,61.35,0.0,3.08,0
2018-12-07 13:25:00,28.9,37.8,50.68,52.95,39.1,56.66,43.87,55.06,50.94,54.63,0.0,3.11,0
2018-12-07 13:30:00,28.83,37.8,50.68,52.88,39.1,56.66,43.86,55.02,49.51,57.64,0.0,3.13,0
2018-12-07 13:35:00,28.83,37.8,50.67,52.89,39.1,56.68,43.92,55.0,51.24,54.07,0.0,3.14,0
2018-12-07 13:40:00,28.85,37.82,50.66,52.9,39.1,56.68,43.92,55.0,48.4,54.48,0.0,3.15,0
2018-12-07 13:45:00,28.76,37.84,50.65,52.91,39.1,56.65,43.89,55.02,52.68,55.08,0.0,3.12,0
2018-12-07 13:50:00,28.8,37.88,50.66,52.86,39.1,56.64,43.84,54.99,50.96,57.82,0.0,3.11,0
2018-12-07 13:55:00,28.79,37.76,50.62,52.84,39.1,56.61,43.85,54.99,54.23,60.17,0.0,3.09,0
2018-12-07 14:00:00,28.82,37.75,50.63,52.79,39.1,56.6,43.91,55.01,56.38,60.37,0.0,3.17,0
2018-12-07 14:05:00,28.84,37.63,50.65,52.81,39.1,56.6,44.03,55.05,59.12,60.91,0.0,3.11,0
2018-12-07 14:10:00,28.83,37.71,50.66,52.81,39.1,56.61,43.97,55.08,57.3,60.9,0.0,3.09,0
2018-12-07 14:15:00,28.84,37.78,50.65,52.83,39.1,56.63,43.94,55.06,55.08,59.71,0.0,3.09,0
2018-12-07 14:20:00,28.8,37.76,50.66,52.87,39.1,56.66,43.86,55.07,53.39,56.33,0.0,3.03,0
2018-12-07 14:25:00,28.81,37.78,50.66,52.82,39.1,56.62,43.85,55.06,54.65,53.6,0.0,3.11,0
2018-12-07 14:30:00,28.8,37.75,50.66,52.84,39.1,56.63,43.92,55.03,56.76,54.93,0.0,3.09,0
2018-12-07 14:35:00,28.83,37.81,50.7,52.9,39.1,56.64,43.92,55.01,53.77,54.93,0.0,3.08,0
2018-12-07 14:40:00,28.84,37.84,50.68,52.89,39.1,56.65,43.92,55.02,55.39,56.7,0.0,3.06,0
2018-12-07 14:45:00,28.8,37.81,50.67,52.92,39.1,56.63,43.91,55.03,52.39,55.42,0.0,3.08,0
2018-12-07 14:50:00,28.78,37.76,50.67,52.88,39.1,56.61,43.92,55.02,53.85,53.55,0.0,2.97,0
2018-12-07 14:55:00,28.77,37.75,50.66,52.89,39.1,56.62,43.81,55.02,53.99,55.74,0.0,2.99,0
2018-12-07 15:00:00,28.79,37.82,50.66,52.88,39.1,56.66,43.87,55.02,56.16,57.93,0.0,3.05,0
2018-12-07 15:05:00,28.81,37.83,50.64,52.92,39.1,56.67,43.93,55.01,55.59,59.66,0.0,3.02,0
2018-12-07 15:10:00,28.81,37.83,50.67,52.88,39.1,56.67,43.84,54.98,54.82,58.62,0.0,3.02,0
2018-12-07 15:15:00,28.83,37.8,50.67,52.92,39.1,56.62,43.83,55.02,52.62,58.78,0.0,2.99,0
2018-12-07 15:20:00,28.81,37.72,50.66,52.9,39.1,56.64,43.83,55.04,50.87,58.82,0.54,3.06,0
2018-12-07 15:25:00,28.78,37.71,50.65,52.84,39.1,56.58,43.82,55.03,50.05,60.19,2.11,3.05,0
2018-12-07 15:30:00,28.74,37.71,50.66,52.85,39.1,56.6,43.82,55.04,48.34,60.67,0.8,2.99,0
2018-12-07 15:35:00,28.75,37.71,50.66,52.84,39.1,56.61,43.84,55.01,49.19,59.63,2.3,2.97,0
2018-12-07 15:40:00,28.74,37.66,50.66,52.83,39.1,56.57,43.84,55.02,55.52,60.56,4.18,2.99,0
2018-12-07 15:45:00,28.86,37.71,50.66,52.79,39.1,56.61,43.83,55.05,53.91,60.04,2.92,3.01,0
2018-12-07 15:50:00,28.93,37.68,50.64,52.8,39.1,56.6,43.8,55.03,56.42,62.58,3.01,3.01,0
2018-12-07 15:55:00,28.91,37.7,50.63,52.81,39.1,56.61,43.84,55.06,57.81,62.91,1.69,3.04,0
2018-12-07 16:00:00,28.84,37.74,50.64,52.8,39.1,56.59,43.82,55.03,59.62,65.62,3.27,3.04,0
2018-12-07 16:05:00,28.82,37.73,50.65,52.8,39.1,56.58,43.76,55.02,57.35,62.48,2.5,3.05,0
2018-12-07 16:10:00,28.82,37.73,50.67,52.86,39.1,56.58,43.82,55.01,59.71,62.6,0.0,3.05,0
2018-12-07 16:15:00,28.71,37.68,50.66,52.86,39.1,56.54,43.79,54.99,62.37,60.99,1.39,3.05,0
2018-12-07 16:20:00,28.73,37.73,50.64,52.89,39.09,56.53,43.8,54.95,58.55,60.02,1.29,3.06,0
2018-12-07 16:25:00,28.68,37.74,50.65,52.94,39.09,56.58,43.79,54.99,60.26,60.71,5.17,3.14,0
2018-12-07 16:30:00,28.68,37.79,50.61,52.86,39.09,56.52,43.82,55.01,60.3,59.2,5.42,3.1,0
2018-12-07 16:35:00,28.66,37.77,50.6,52.86,39.09,56.55,43.81,55.02,60.32,63.2,5.79,3.07,0
2018-12-07 16:40:00,28.68,37.66,50.59,52.81,39.09,56.6,43.8,54.96,56.82,67.77,5.23,3.09,0
2018-12-07 16:45:00,28.67,37.57,50.56,52.8,39.09,56.58,43.76,54.95,60.0,66.19,4.85,3.08,0
2018-12-07 16:50:00,28.68,37.6,50.57,52.79,39.09,56.56,43.78,54.96,64.05,67.59,6.22,3.04,0
2018-12-07 16:55:00,28.72,37.62,50.58,52.82,39.09,56.59,43.71,54.94,67.59,65.01,6.59,3.07,0
2018-12-07 17:00:00,28.73,37.56,50.55,52.82,39.09,56.62,43.69,54.9,66.39,63.49,6.01,3.11,0
2018-12-07 17:05:00,28.78,37.66,50.6,52.88,39.09,56.6,43.7,54.94,64.43,63.12,4.53,3.12,0
2018-12-07 17:10:00,28.72,37.65,50.61,52.8,39.09,56.55,43.66,54.96,64.52,63.92,5.27,3.13,0
2018-12-07 17:15:00,28.75,37.6,50.63,52.82,39.09,56.52,43.66,54.9,65.1,63.93,8.74,3.03,0
2018-12-07 17:20:00,28.67,37.58,50.62,52.8,39.09,56.54,43.65,54.89,69.3,65.77,9.33,3.0,0
2018-12-07 17:25:00,28.58,37.6,50.6,52.77,39.09,56.53,43.65,54.88,71.06,68.7,7.93,2.98,0
2018-12-07 17:30:00,28.61,37.64,50.6,52.76,39.09,56.52,43.68,54.93,75.24,72.17,8.58,2.97,0
2018-12-07 17:35:00,28.66,37.64,50.59,52.77,39.09,56.5,43.66,54.92,75.2,72.66,10.66,3.03,0
2018-12-07 17:40:00,28.6,37.67,50.59,52.76,39.09,56.47,43.64,54.89,74.15,76.56,11.24,2.98,0
2018-12-07 17:45:00,28.61,37.64,50.59,52.78,39.09,56.47,43.66,54.84,76.76,77.86,11.91,2.94,0
2018-12-07 17:50:00,28.56,37.61,50.56,52.79,39.09,56.48,43.56,54.82,76.97,82.89,14.39,2.93,0
2018-12-07 17:55:00,28.59,37.53,50.56,52.68,39.09,56.46,43.55,54.86,75.86,80.52,17.64,2.98,0
2018-12-07 18:00:00,28.62,37.49,50.59,52.64,39.09,56.47,43.59,54.86,76.77,78.99,17.64,3.05,0
2018-12-07 18:05:00,28.6,37.54,50.58,52.64,39.09,56.45,43.62,54.86,76.71,83.36,19.03,3.07,0
2018-12-07 18:10:00,28.52,37.43,50.57,52.65,39.09,56.46,43.56,54.8,78.39,83.37,19.96,3.05,0
2018-12-07 18:15:00,28.53,37.4,50.53,52.65,39.09,56.5,43.57,54.81,76.45,84.43,21.7,3.0,0
2018-12-07 18:20:00,28.45,37.42,50.51,52.57,39.09,56.49,43.62,54.83,80.81,85.05,22.41,3.03,0
2018-12-07 18:25:00,28.46,37.42,50.5,52.54,39.09,56.49,43.58,54.78,78.01,86.26,20.6,2.99,0
2018-12-07 18:30:00,28.43,37.44,50.5,52.51,39.09,56.46,43.57,54.8,79.71,82.6,24.06,2.96,0
2018-12-07 18:35:00,28.45,37.4,50.53,52.55,39.09,56.43,43.56,54.77,76.37,83.08,26.14,2.95,0
2018-12-07 18:40:00,28.45,37.32,50.55,52.53,39.09,56.45,43.54,54.77,80.24,85.13,26.04,2.94,0
2018-12-07 18:45:00,28.46,37.26,50.52,52.49,39.09,56.42,43.5,54.78,79.85,86.65,26.0,2.94,0
2018-12-07 18:50:00,28.4,37.32,50.5,52.54,39.09,56.44,43.55,54.78,79.41,85.56,26.79,2.92,0
2018-12-07 18:55:00,28.37,37.33,50.51,52.58,39.09,56.46,43.55,54.8,77.08,80.5,27.16,2.9,0
2018-12-07 19:00:00,28.48,37.46,50.52,52.59,39.09,56.5,43.53,54.82,72.17,81.88,24.58,2.93,0
2018-12-07 19:05:00,28.51,37.4,50.51,52.61,39.09,56.48,43.59,54.8,71.0,83.5,23.14,2.97,0
2018-12-07 19:10:00,28.51,37.33,50.5,52.62,39.09,56.46,43.61,54.84,73.15,82.73,22.19,2.97,0
2018-12-07 19:15:00,28.44,37.43,50.5,52.65,39.09,56.45,43.61,54.85,73.05,84.36,21.87,2.94,0
2018-12-07 19:20:00,28.47,37.45,50.51,52.64,39.09,56.44,43.6,54.82,74.93,83.59,21.68,2.97,0
2018-12-07 19:25:00,28.49,37.42,50.5,52.6,39.09,56.39,43.66,54.78,76.13,82.24,22.14,2.94,0
2018-12-07 19:30:00,28.48,37.52,50.5,52.65,39.09,56.45,43.67,54.78,81.08,80.9,22.46,2.93,0
2018-12-07 19:35:00,28.44,37.48,50.51,52.65,39.09,56.43,43.7,54.8,83.32,79.64,22.19,3.01,0
2018-12-07 19:40:00,28.44,37.56,50.49,52.66,39.09,56.44,43.74,54.79,80.58,82.0,18.16,3.01,0
2018-12-07 19:45:00,28.51,37.51,50.51,52.68,39.09,56.43,43.72,54.79,80.03,81.91,17.35,3.01,0
2018-12-07 19:50:00,28.55,37.53,50.51,52.71,39.09,56.48,43.7,54.82,77.47,82.51,17.75,3.04,0
2018-12-07 19:55:00,28.6,37.5,50.54,52.69,39.09,56.49,43.65,54.85,70.16,83.58,16.41,3.11,0
2018-12-07 20:00:00,28.61,37.52,50.48,52.68,39.09,56.48,43.67,54.88,70.68,80.35,15.93,3.11,0
2018-12-07 20:05:00,28.57,37.49,50.51,52.74,39.09,56.51,43.68,54.88,70.13,79.69,11.84,3.11,0
2018-12-07 20:10:00,28.51,37.43,50.52,52.74,39.09,56.53,43.64,54.84,69.29,78.79,14.09,3.08,0
2018-12-07 20:15:00,28.54,37.49,50.53,52.71,39.09,56.48,43.66,54.86,70.8,78.1,13.39,3.04,0
2018-12-07 20:20:00,28.6,37.44,50.53,52.76,39.09,56.48,43.68,54.87,67.1,79.99,13.6,2.99,0
2018-12-07 20:25:00,28.66,37.47,50.56,52.76,39.09,56.49,43.72,54.88,68.22,80.03,12.3,3.07,0
2018-12-07 20:30:00,28.61,37.56,50.57,52.75,39.09,56.47,43.77,54.83,67.17,79.21,13.48,3.03,0
2018-12-07 20:35:00,28.64,37.67,50.57,52.72,39.09,56.51,43.79,54.89,65.36,76.37,11.38,3.02,0
2018-12-07 20:40:00,28.62,37.7,50.59,52.77,39.09,56.51,43.75,54.92,65.26,75.48,5.9,2.97,0
2018-12-07 20:45:00,28.63,37.58,50.61,52.76,39.09,56.55,43.73,54.94,64.94,72.63,6.61,3.05,0
2018-12-07 20:50:00,28.6,37.6,50.63,52.81,39.09,56.57,43.72,54.93,62.05,71.26,4.14,3.1,0
2018-12-07 20:55:00,28.67,37.56,50.64,52.8,39.09,56.58,43.71,54.91,61.29,69.77,1.79,3.04,0
2018-12-07 21:00:00,28.71,37.57,50.63,52.75,39.09,56.57,43.71,54.95,62.28,65.81,1.18,3.12,0
2018-12-07 21:05:00,28.67,37.63,50.6,52.71,39.09,56.56,43.71,54.94,60.7,63.35,1.75,3.13,0
2018-12-07 21:10:00,28.68,37.66,50.64,52.73,39.09,56.58,43.72,54.93,59.74,64.31,2.05,3.08,0
2018-12-07 21:15:00,28.64,37.59,50.66,52.73,39.09,56.59,43.81,54.99,59.95,65.87,3.13,3.14,0
2018-12-07 21:20:00,28.61,37.59,50.65,52.71,39.09,56.61,43.84,55.0,58.53,64.79,4.69,3.11,0
2018-12-07 21:25:00,28.6,37.64,50.65,52.73,39.09,56.59,43.83,54.96,57.1,67.29,5.06,3.08,0
2018-12-07 21:30:00,28.66,37.7,50.62,52.75,39.09,56.63,43.84,54.97,58.21,66.42,4.76,3.08,0
2018-12-07 21:35:00,28.68,37.66,50.62,52.73,39.09,56.62,43.87,54.96,56.34,67.16,2.52,3.11,0
2018-12-07 21:40:00,28.71,37.66,50.61,52.76,39.09,56.58,43.89,54.94,56.99,65.59,0.75,3.13,0
2018-12-07 21:45:00,28.72,37.67,50.62,52.81,39.09,56.62,43.87,54.99,58.87,65.55,0.0,3.12,0
2018-12-07 21:50:00,28.78,37.67,50.65,52.83,39.09,56.6,43.87,54.96,60.36,62.34,0.0,3.08,0
2018-12-07 21:55:00,28.77,37.69,50.66,52.8,39.09,56.61,43.9,54.96,57.9,60.27,0.0,3.13,0
2018-12-07 22:00:00,28.83,37.69,50.66,52.79,39.09,56.56,43.9,54.98,57.98,59.62,0.0,3.07,0
2018-12-07 22:05:00,28.81,37.66,50.68,52.77,39.09,56.6,43.84,55.03,53.48,59.24,0.0,3.13,0
2018-12-07 22:10:00,28.84,37.68,50.68,52.79,39.1,56.61,43.84,55.05,51.2,61.41,0.0,3.13,0
2018-12-07 22:15:00,28.84,37.71,50.69,52.79,39.1,56.62,43.84,55.06,52.96,59.54,0.0,3.11,0
2018-12-07 22:20:00,28.78,37.71,50.7,52.85,39.1,56.61,43.85,55.06,54.82,59.2,0.0,3.06,0
2018-12-07 22:25:00,28.87,37.78,50.69,52.88,39.1,56.63,43.9,55.07,54.86,61.5,0.0,3.08,0
2018-12-07 22:30:00,28.93,37.79,50.65,52.91,39.1,56.69,43.96,55.07,53.82,63.44,0.0,3.08,0
2018-12-07 22:35:00,28.9,37.73,50.65,52.89,39.1,56.72,43.95,55.05,55.29,64.62,0.0,3.11,0
2018-12-07 22:40:00,28.88,37.66,50.63,52.92,39.1,56.7,43.9,55.07,54.29,62.67,0.0,3.13,0
2018-12-07 22:45:00,28.91,37.65,50.63,52.88,39.1,56.66,43.84,55.09,54.39,58.98,0.0,3.13,0
2018-12-07 22:50:00,28.89,37.67,50.66,52.9,39.1,56.64,43.86,55.07,50.35,58.72,0.0,3.11,0
2018-12-07 22:55:00,28.91,37.69,50.65,52.92,39.1,56.63,43.9,55.07,52.5,53.39,0.0,3.14,0
2018-12-07 23:00:00,28.9,37.69,50.64,52.9,39.1,56.62,43.99,55.07,50.35,53.72,0.0,3.1,0
2018-12-07 23:05:00,28.89,37.73,50.69,52.9,39.1,56.64,43.96,55.08,51.55,58.69,0.0,3.11,0
2018-12-07 23:10:00,28.85,37.65,50.71,52.91,39.1,56.63,43.97,55.08,55.27,59.69,0.0,3.16,0
2018-12-07 23:15:00,28.83,37.7,50.71,52.92,39.1,56.64,43.94,55.06,53.94,57.05,0.0,3.16,0
2018-12-07 23:20:00,28.88,37.76,50.71,52.92,39.1,56.61,43.95,55.06,54.24,55.86,0.0,3.15,0
2018-12-07 23:25:00,28.93,37.88,50.73,52.91,39.1,56.61,43.89,55.06,51.43,52.04,0.0,3.14,0
2018-12-07 23:30:00,28.92,37.85,50.73,52.91,39.1,56.59,43.88,55.0,53.73,51.13,0.0,3.08,0
2018-12-07 23:35:00,28.95,37.88,50.72,52.9,39.1,56.6,43.79,54.98,52.81,52.5,0.0,3.08,0
2018-12-07 23:40:00,28.89,37.85,50.73,52.94,39.1,56.6,43.83,55.02,55.22,54.43,0.0,3.11,0
2018-12-07 23:45:00,28.9,37.84,50.7,52.98,39.1,56.61,43.86,55.05,55.7,56.15,0.0,3.14,0
2018-12-07 23:50:00,28.88,37.82,50.72,52.98,39.1,56.63,43.94,55.05,54.7,53.75,0.0,3.14,0
2018-12-07 23:55:00,28.87,37.83,50.69,52.97,39.1,56.62,43.9,55.02,54.15,56.42,0.0,3.15,0
2018-12-08 00:00:00,28.89,37.86,50.7,52.97,39.1,56.65,43.9,55.03,53.27,50.51,0.0,3.12,0
2018-12-08 00:05:00,28.88,37.95,50.7,52.93,39.1,56.64,43.91,55.04,49.68,55.42,0.0,3.17,0
2018-12-08 00:10:00,28.77,37.88,50.71,52.83,39.1,56.69,43.92,55.04,52.82,55.68,0.0,3.16,0
2018-12-08 00:15:00,28.75,37.9,50.67,52.81,39.1,56.68,43.85,55.03,53.25,55.49,0.0,3.17,0
2018-12-08 00:20:00,28.72,37.91,50.69,52.82,39.1,56.7,43.87,55.07,52.31,54.09,0.0,3.23,0
2018-12-08 00:25:00,28.75,37.8,50.69,52.83,39.1,56.65,43.86,55.08,49.08,55.18,0.0,3.2,0
2018-12-08 00:30:00,28.75,37.82,50.7,52.88,39.1,56.68,43.87,55.04,47.44,55.06,0.0,3.17,0
2018-12-08 00:35:00,28.72,37.84,50.71,52.94,39.1,56.68,43.9,55.04,47.26,52.93,0.0,3.19,0
2018-12-08 00:40:00,28.73,37.86,50.66,52.95,39.1,56.66,43.86,55.04,49.06,54.63,0.0,3.18,0
2018-12-08 00:45:00,28.77,37.79,50.68,52.97,39.1,56.65,43.82,55.01,48.83,55.31,0.0,3.18,0
2018-12-08 00:50:00,28.93,37.79,50.7,52.94,39.1,56.66,43.77,55.04,48.34,55.31,0.0,3.11,0
2018-12-08 00:55:00,28.91,37.86,50.68,52.94,39.1,56.65,43.81,55.05,47.78,52.12,0.0,3.21,0
2018-12-08 01:00:00,28.89,37.82,50.7,52.97,39.1,56.64,43.82,55.08,46.67,54.96,0.0,3.21,0
2018-12-08 01:05:00,28.83,37.85,50.68,52.95,39.1,56.68,43.85,55.1,45.53,54.84,0.0,3.28,0
2018-12-08 01:10:00,28.8,37.89,50.67,52.9,39.1,56.69,43.85,55.11,50.51,56.62,0.0,3.33,0
2018-12-08 01:15:00,28.86,37.9,50.66,52.88,39.1,56.67,43.85,55.1,50.0,56.15,0.0,3.32,0
2018-12-08 01:20:00,28.93,37.82,50.68,52.87,39.1,56.67,43.87,55.1,51.76,54.39,0.0,3.24,0
2018-12-08 01:25:00,28.88,37.8,50.67,52.89,39.1,56.67,43.93,55.06,50.34,55.15,0.0,3.28,0
2018-12-08 01:30:00,28.89,37.84,50.67,52.89,39.1,56.65,44.0,55.07,48.29,54.93,0.0,3.22,0
2018-12-08 01:35:00,28.99,37.89,50.69,52.89,39.1,56.68,43.95,55.05,52.12,57.85,0.0,3.25,0
2018-12-08 01:40:00,29.04,37.81,50.7,52.85,39.1,56.68,43.94,55.05,51.64,53.84,0.0,3.25,0
2018-12-08 01:45:00,29.01,37.85,50.67,52.9,39.1,56.62,44.0,55.07,52.35,53.7,0.0,3.26,0
2018-12-08 01:50:00,28.93,37.84,50.7,52.9,39.1,56.65,43.98,55.03,50.33,54.02,0.0,3.19,0
2018-12-08 01:55:00,28.88,37.79,50.71,52.97,39.1,56.68,43.99,55.04,52.35,55.56,0.0,3.18,0
2018-12-08 02:00:00,28.79,37.78,50.65,52.99,39.1,56.7,43.94,55.0,53.28,59.32,0.0,3.31,0
2018-12-08 02:05:00,28.82,37.73,50.64,52.92,39.1,56.71,43.95,55.01,54.12,58.43,0.0,3.27,0
2018-12-08 02:10:00,28.91,37.8,50.64,52.95,39.1,56.71,43.93,55.02,53.28,59.12,0.0,3.27,0
2018-12-08 02:15:00,28.88,37.79,50.64,52.94,39.1,56.71,43.88,55.07,52.71,60.77,0.0,3.25,0
2018-12-08 02:20:00,28.87,37.77,50.66,52.91,39.1,56.7,43.88,55.04,55.12,57.91,0.0,3.25,0
2018-12-08 02:25:00,28.87,37.82,50.68,52.88,39.1,56.66,43.86,55.06,53.69,57.24,0.0,3.29,0
2018-12-08 02:30:00,28.88,37.82,50.68,52.86,39.1,56.66,43.82,55.02,55.23,56.33,0.0,3.23,0
2018-12-08 02:35:00,28.84,37.83,50.71,52.82,39.1,56.65,43.8,55.0,58.47,55.05,0.0,3.28,0
2018-12-08 02:40:00,28.85,37.88,50.71,52.88,39.1,56.63,43.85,54.99,57.63,54.96,0.0,3.29,0
2018-12-08 02:45:00,28.87,37.89,50.71,52.96,39.1,56.65,43.92,55.0,58.4,54.48,0.0,3.3,0
2018-12-08 02:50:00,28.9,37.86,50.68,52.94,39.1,56.63,43.93,55.01,54.88,55.94,0.0,3.3,0
2018-12-08 02:55:00,28.91,37.84,50.67,52.92,39.1,56.65,43.92,55.06,52.73,53.04,0.0,3.34,0
2018-12-08 03:00:00,28.87,37.78,50.68,52.88,39.1,56.66,43.91,55.08,52.08,54.83,0.0,3.32,0
2018-12-08 03:05:00,28.87,37.72,50.69,52.93,39.1,56.69,43.92,55.08,52.4,56.25,0.0,3.32,0
2018-12-08 03:10:00,28.89,37.81,50.71,52.9,39.1,56.68,43.85,55.06,54.74,54.63,0.0,3.33,0
2018-12-08 03:15:00,28.93,37.71,50.72,52.88,39.1,56.68,43.83,55.08,53.59,57.76,0.0,3.28,0
2018-12-08 03:20:00,28.94,37.69,50.7,52.92,39.1,56.65,43.9,55.09,54.9,55.49,0.0,3.29,0
2018-12-08 03:25:00,28.88,37.7,50.69,52.91,39.1,56.68,43.86,55.08,49.45,55.67,0.0,3.29,0
2018-12-08 03:30:00,28.88,37.68,50.66,52.87,39.1,56.71,43.91,55.03,47.94,56.09,0.0,3.36,0
2018-12-08 03:35:00,28.9,37.71,50.63,52.95,39.1,56.66,43.92,55.08,50.39,54.56,0.0,3.26,0
2018-12-08 03:40:00,28.91,37.8,50.66,52.96,39.1,56.63,43.91,55.06,47.03,53.92,0.0,3.25,0
2018-12-08 03:45:00,28.93,37.85,50.67,52.9,39.1,56.64,43.94,55.09,49.81,58.63,0.0,3.26,0
2018-12-08 03:50:00,28.94,37.87,50.66,52.93,39.1,56.64,43.94,55.09,52.97,60.36,0.0,3.31,0
2018-12-08 03:55:00,28.85,37.79,50.67,52.89,39.1,56.65,43.93,55.05,56.32,58.86,0.0,3.34,0
2018-12-08 04:00:00,28.82,37.81,50.68,52.9,39.1,56.66,43.89,55.06,57.55,61.72,0.0,3.4,0
2018-12-08 04:05:00,28.88,37.82,50.7,52.92,39.1,56.67,43.88,55.06,54.39,58.23,0.0,3.3,0
2018-12-08 04:10:00,28.84,37.77,50.67,52.95,39.1,56.64,43.85,55.04,55.97,59.14,0.0,3.31,0
2018-12-08 04:15:00,28.86,37.73,50.7,52.92,39.1,56.65,43.86,55.01,57.36,56.99,0.0,3.35,0
2018-12-08 04:20:00,28.84,37.75,50.69,52.91,39.1,56.68,43.83,55.03,54.41,54.03,0.0,3.31,0
2018-12-08 04:25:00,28.88,37.78,50.71,52.89,39.1,56.65,43.87,55.07,57.85,55.01,0.0,3.37,0
2018-12-08 04:30:00,28.92,37.7,50.73,52.87,39.1,56.69,43.91,55.04,57.42,53.91,0.0,3.38,0
2018-12-08 04:35:00,28.86,37.71,50.75,52.87,39.1,56.65,43.96,55.01,57.88,53.51,0.0,3.29,0
2018-12-08 04:40:00,28.89,37.73,50.72,52.87,39.1,56.61,43.96,55.03,56.29,56.44,0.21,3.33,0
2018-12-08 04:45:00,28.91,37.67,50.71,52.85,39.1,56.59,43.92,55.09,52.21,56.57,0.57,3.32,0
2018-12-08 04:50:00,28.92,37.64,50.67,52.86,39.1,56.6,43.87,55.04,52.47,56.31,0.0,3.4,0
2018-12-08 04:55:00,28.88,37.68,50.7,52.86,39.1,56.65,43.84,55.04,52.45,61.69,0.0,3.36,0
2018-12-08 05:00:00,28.79,37.66,50.67,52.87,39.1,56.61,43.83,55.05,53.18,59.69,0.94,3.35,0
2018-12-08 05:05:00,28.85,37.66,50.69,52.86,39.1,56.61,43.86,55.02,54.16,56.03,2.62,3.36,0
2018-12-08 05:10:00,28.81,37.71,50.69,52.87,39.1,56.59,43.89,54.99,54.49,65.97,1.24,3.37,0
2018-12-08 05:15:00,28.8,37.74,50.7,52.88,39.1,56.6,43.92,55.0,53.93,61.04,0.43,3.33,0
2018-12-08 05:20:00,28.82,37.75,50.69,52.9,39.1,56.6,43.95,55.0,58.41,63.16,0.0,3.31,0
2018-12-08 05:25:00,28.77,37.74,50.66,52.91,39.1,56.63,43.89,55.01,55.26,58.89,0.0,3.3,0
2018-12-08 05:30:00,28.73,37.73,50.65,52.9,39.1,56.64,43.83,55.04,52.35,59.15,0.0,3.28,0
2018-12-08 05:35:00,28.71,37.72,50.68,52.92,39.09,56.65,43.77,54.95,54.27,57.91,1.37,3.37,0
2018-12-08 05:40:00,28.68,37.74,50.67,52.89,39.09,56.65,43.73,54.98,54.28,59.58,0.0,3.34,0
2018-12-08 05:45:00,28.66,37.76,50.65,52.91,39.09,56.65,43.74,55.01,53.5,59.96,5.25,3.32,0
2018-12-08 05:50:00,28.68,37.7,50.64,52.88,39.09,56.62,43.72,55.03,57.73,62.05,9.93,3.32,0
2018-12-08 05:55:00,28.71,37.67,50.64,52.87,39.09,56.63,43.76,55.02,61.58,64.64,5.64,3.32,0
2018-12-08 06:00:00,28.68,37.72,50.63,52.84,39.09,56.62,43.76,55.02,63.17,62.83,10.42,3.27,0
2018-12-08 06:05:00,28.69,37.71,50.64,52.83,39.09,56.6,43.75,55.03,61.49,63.81,10.17,3.22,0
2018-12-08 06:10:00,28.58,37.65,50.61,52.86,39.09,56.61,43.79,54.97,63.09,64.87,7.12,3.21,0
2018-12-08 06:15:00,28.62,37.62,50.61,52.85,39.09,56.59,43.83,54.97,63.89,66.04,10.65,3.17,0
2018-12-08 06:20:00,28.64,37.66,50.63,52.85,39.09,56.55,43.84,54.93,62.91,65.45,10.57,3.26,0
2018-12-08 06:25:00,28.69,37.57,50.64,52.83,39.09,56.53,43.86,54.94,66.25,67.15,8.68,3.3,0
2018-12-08 06:30:00,28.7,37.58,50.61,52.77,39.09,56.57,43.82,54.92,66.46,68.53,9.51,3.3,0
2018-12-08 06:35:00,28.7,37.55,50.59,52.78,39.09,56.57,43.76,54.89,67.08,69.03,10.7,3.29,0
2018-12-08 06:40:00,28.65,37.59,50.63,52.81,39.09,56.58,43.73,54.93,67.91,69.75,13.53,3.29,0
2018-12-08 06:45:00,28.57,37.54,50.62,52.73,39.09,56.54,43.73,54.9,70.93,71.31,13.61,3.29,0
2018-12-08 06:50:00,28.58,37.46,50.63,52.72,39.09,56.54,43.67,54.92,70.0,72.57,15.64,3.36,0
2018-12-08 06:55:00,28.52,37.44,50.6,52.75,39.09,56.54,43.66,54.89,68.42,75.43,14.89,3.37,0
2018-12-08 07:00:00,28.54,37.5,50.58,52.73,39.09,56.54,43.64,54.9,65.79,75.12,17.0,3.36,0
2018-12-08 07:05:00,28.57,37.38,50.58,52.73,39.09,56.52,43.69,54.91,64.8,76.87,14.95,3.34,0
2018-12-08 07:10:00,28.57,37.4,50.56,52.7,39.09,56.53,43.69,54.88,67.5,76.07,16.56,3.34,0
2018-12-08 07:15:00,28.52,37.36,50.55,52.68,39.09,56.58,43.66,54.89,70.06,75.31,15.43,3.3,0
2018-12-08 07:20:00,28.6,37.38,50.57,52.69,39.09,56.54,43.66,54.88,72.15,79.28,14.55,3.25,0
2018-12-08 07:25:00,28.58,37.43,50.58,52.64,39.09,56.53,43.68,54.89,72.56,80.99,15.82,3.23,0
2018-12-08 07:30:00,28.61,37.45,50.61,52.65,39.09,56.51,43.67,54.89,71.88,80.44,13.25,3.28,0
2018-12-08 07:35:00,28.65,37.45,50.59,52.65,39.09,56.48,43.67,54.87,71.54,82.97,14.14,3.3,0
2018-12-08 07:40:00,28.67,37.45,50.58,52.61,39.09,56.42,43.67,54.83,74.1,79.23,14.83,3.31,0
2018-12-08 07:45:00,28.66,37.43,50.56,52.67,39.09,56.43,43.66,54.84,73.1,80.12,17.86,3.28,0
2018-12-08 07:50:00,28.69,37.51,50.54,52.64,39.09,56.42,43.64,54.84,76.84,81.13,18.86,3.34,0
2018-12-08 07:55:00,28.66,37.45,50.5,52.58,39.09,56.47,43.71,54.84,72.42,78.69,18.88,3.26,0
2018-12-08 08:00:00,28.67,37.45,50.53,52.58,39.09,56.44,43.73,54.84,72.65,81.98,16.51,3.23,0
2018-12-08 08:05:00,28.64,37.49,50.54,52.61,39.09,56.47,43.73,54.82,68.54,78.23,19.59,3.25,0
2018-12-08 08:10:00,28.57,37.45,50.54,52.59,39.09,56.46,43.67,54.85,73.17,75.57,18.19,3.31,0
2018-12-08 08:15:00,28.58,37.52,50.57,52.6,39.09,56.48,43.74,54.88,77.0,70.63,17.59,3.33,0
2018-12-08 08:20:00,28.51,37.5,50.55,52.64,39.09,56.47,43.68,54.86,75.53,74.15,16.48,3.29,0
2018-12-08 08:25:00,28.53,37.44,50.56,52.7,39.09,56.5,43.68,54.87,72.28,77.05,13.69,3.3,0
2018-12-08 08:30:00,28.53,37.46,50.54,52.69,39.09,56.5,43.63,54.88,70.54,76.96,10.09,3.29,0
2018-12-08 08:35:00,28.58,37.41,50.55,52.64,39.09,56.49,43.63,54.87,73.09,75.95,9.93,3.28,0
2018-12-08 08:40:00,28.64,37.4,50.52,52.67,39.09,56.52,43.63,54.86,75.17,77.49,10.67,3.23,0
2018-12-08 08:45:00,28.58,37.38,50.51,52.66,39.09,56.53,43.6,54.91,72.91,75.74,12.4,3.24,0
2018-12-08 08:50:00,28.61,37.39,50.54,52.67,39.09,56.54,43.59,54.87,69.86,72.02,13.03,3.22,0
2018-12-08 08:55:00,28.63,37.4,50.55,52.73,39.09,56.55,43.57,54.9,67.31,73.86,13.56,3.16,0
2018-12-08 09:00:00,28.69,37.42,50.54,52.7,39.09,56.52,43.58,54.94,67.36,74.43,12.47,3.24,0
2018-12-08 09:05:00,28.71,37.4,50.53,52.71,39.09,56.54,43.61,54.95,70.3,72.5,14.8,3.21,0
2018-12-08 09:10:00,28.74,37.45,50.55,52.75,39.09,56.54,43.62,54.9,68.64,74.7,12.89,3.25,0
2018-12-08 09:15:00,28.74,37.54,50.55,52.74,39.09,56.56,43.63,54.92,69.61,78.59,14.09,3.21,0
2018-12-08 09:20:00,28.67,37.59,50.54,52.77,39.09,56.55,43.67,54.92,67.61,70.21,11.27,3.22,0
2018-12-08 09:25:00,28.65,37.64,50.56,52.78,39.09,56.54,43.75,54.94,64.86,65.75,6.23,3.26,0
2018-12-08 09:30:00,28.68,37.66,50.61,52.79,39.09,56.57,43.75,54.92,66.92,63.31,7.49,3.23,0
2018-12-08 09:35:00,28.64,37.65,50.63,52.79,39.09,56.56,43.71,54.94,68.37,64.85,4.51,3.17,0
2018-12-08 09:40:00,28.64,37.67,50.61,52.84,39.09,56.6,43.7,54.96,67.32,66.67,4.22,3.2,0
2018-12-08 09:45:00,28.66,37.67,50.61,52.79,39.09,56.59,43.67,54.98,70.37,63.68,3.22,3.25,0
2018-12-08 09:50:00,28.68,37.66,50.61,52.84,39.09,56.59,43.66,54.98,63.28,61.27,4.19,3.27,0
2018-12-08 09:55:00,28.72,37.67,50.6,52.86,39.09,56.56,43.71,54.99,63.02,59.25,4.47,3.24,0
2018-12-08 10:00:00,28.75,37.52,50.63,52.83,39.09,56.56,43.75,54.98,62.1,59.29,3.3,3.33,0
2018-12-08 10:05:00,28.78,37.6,50.62,52.87,39.09,56.55,43.84,54.98,60.86,57.33,0.92,3.3,0
2018-12-08 10:10:00,28.75,37.6,50.64,52.82,39.09,56.59,43.84,55.0,59.55,60.12,2.06,3.29,0
2018-12-08 10:15:00,28.75,37.69,50.66,52.82,39.09,56.59,43.86,54.96,61.66,60.11,1.78,3.27,0
2018-12-08 10:20:00,28.78,37.71,50.66,52.85,39.09,56.64,43.86,54.95,60.29,55.52,0.69,3.26,0
2018-12-08 10:25:00,28.74,37.68,50.67,52.89,39.1,56.62,43.86,54.97,56.94,54.41,0.0,3.29,0
2018-12-08 10:30:00,28.8,37.64,50.66,52.83,39.1,56.58,43.84,54.98,54.27,57.81,0.0,3.25,0
2018-12-08 10:35:00,28.81,37.64,50.66,52.83,39.1,56.63,43.9,55.0,54.16,61.28,0.0,3.22,0
2018-12-08 10:40:00,28.76,37.61,50.67,52.83,39.1,56.63,43.92,55.02,51.61,56.64,0.0,3.33,0
2018-12-08 10:45:00,28.82,37.65,50.68,52.83,39.1,56.6,43.9,54.99,54.16,56.89,0.0,3.37,0
2018-12-08 10:50:00,28.84,37.67,50.74,52.87,39.1,56.61,43.9,54.99,52.8,61.82,0.0,3.32,0
2018-12-08 10:55:00,28.92,37.7,50.73,52.96,39.1,56.58,43.95,55.05,54.16,59.4,0.27,3.28,0
2018-12-08 11:00:00,28.95,37.69,50.74,52.93,39.1,56.59,43.93,55.04,55.06,63.17,0.0,3.33,0
2018-12-08 11:05:00,28.85,37.72,50.75,52.91,39.1,56.59,43.95,55.0,56.4,61.5,0.13,3.34,0
2018-12-08 11:10:00,28.84,37.73,50.73,52.95,39.09,56.63,43.88,54.96,57.52,62.1,0.0,3.27,0
2018-12-08 11:15:00,28.86,37.81,50.71,52.94,39.1,56.62,43.92,54.97,53.34,59.87,0.0,3.32,0
