error_type,window_idx,prob_standard,prob_ssl
FP_standard_only,139,0.029,0.0052
FP_standard_only,140,0.0882,0.006
FP_standard_only,525,0.0243,0.0182
FP_standard_only,527,0.022,0.0032
FP_standard_only,788,0.022,0.0019
FP_ssl_only,390,0.0016,0.0837
FP_ssl_only,137,0.0027,0.0822
FP_ssl_only,138,0.0098,0.0917
FP_ssl_only,266,0.0034,0.0386
FP_ssl_only,398,0.0016,0.0393
FN_standard_only,160,0.0097,0.994
FN_standard_only,161,0.011,0.9976
FN_standard_only,162,0.0133,0.9973
FN_standard_only,153,0.0089,0.9974
FN_standard_only,158,0.0196,0.9991
FN_ssl_only,141,0.118,0.0042
FN_ssl_only,142,0.2356,0.0027
FN_ssl_only,143,0.3377,0.0028
FN_ssl_only,144,0.071,0.0035
FN_ssl_only,145,0.04,0.0055
