sensor,mean_during_TN,mean_during_TP,mean_during_FP,mean_during_FN,fp_tn_diff,fn_tp_diff
n215,1.2064,0.5859,2.1216,0.9767,0.9152,0.3908
p235,0.7116,0.0188,0.0612,0.021,0.6504,0.0022
n1,1.3213,1.2945,1.9572,2.104,0.6359,0.8095
n105,1.3021,0.7442,1.9342,1.8874,0.6321,1.1432
n163,1.2904,0.731,1.8802,1.8678,0.5898,1.1368
n54,1.3177,1.3043,1.8955,1.9874,0.5778,0.6831
n458,1.286,1.2859,1.8611,1.8337,0.5751,0.5478
p227,0.7234,0.7529,0.1668,0.218,0.5566,0.5349
T1,1.0088,-1.0437,1.5083,1.1081,0.4995,2.1518
PUMP_1,0.7338,0.6551,0.2382,0.2357,0.4956,0.4194
n332,1.2995,0.3102,1.7263,2.1909,0.4269,1.8807
n549,1.305,1.2505,1.6962,1.8471,0.3912,0.5966
